score,std,nn_error_calculator,nn_learning_algorithm,nn_epochs_limit,nn_epsilon,nn_patience,nn_n_init,nn_save_internal_networks,arch_size_hidden_layers,arch_activation,arch_activation_hidden,arch_eta,arch_alpha,arch_alambd,arch_eta_decay
0.09511887243202831,0.09151473996698276,MSE,batch,500,1e-05,10,10,False,"(2,)",tanh,relu,0.6,0.5,0,0
0.10044151879587826,0.08735680313223601,MSE,batch,500,1e-05,10,10,False,"(2,)",tanh,relu,0.6,0.4,0.001,0
0.10177013596742952,0.09213302135214438,MSE,batch,500,1e-05,10,10,False,"(2,)",tanh,relu,0.6,0.7,0.001,0
0.10259886312360005,0.09181388169832318,MSE,batch,500,1e-05,10,10,False,"(2,)",tanh,relu,0.6,0.6,0.001,0
0.10421780971281104,0.08275116236107954,MSE,batch,500,1e-05,10,10,False,"(2,)",tanh,relu,0.9,0.8,0.0001,0
0.10426991925527292,0.08297696088525369,MSE,batch,500,1e-05,10,10,False,"(2,)",tanh,relu,0.9,0.5,0.001,0
0.10434632186577551,0.08437343921003858,MSE,batch,500,1e-05,10,10,False,"(2,)",tanh,relu,0.4,0.4,0.0001,0
0.10459654308429028,0.08602368411146939,MSE,batch,500,1e-05,10,10,False,"(2,)",tanh,relu,0.6,0.9,0,0.1
0.10476912263596662,0.08513688085350435,MSE,batch,500,1e-05,10,10,False,"(2,)",tanh,relu,0.6,0.9,0.001,0.1
0.10480446142573878,0.08184653841940402,MSE,batch,500,1e-05,10,10,False,"(2,)",tanh,relu,0.4,0.7,0.001,0
0.1051236381259833,0.08440657500743268,MSE,batch,500,1e-05,10,10,False,"(2,)",tanh,relu,0.9,0.5,0,0
0.10519891193126789,0.08340526262430238,MSE,batch,500,1e-05,10,10,False,"(2,)",tanh,relu,0.5,0.8,0,0
0.10528159426795063,0.08498669384959015,MSE,batch,500,1e-05,10,10,False,"(2,)",tanh,relu,0.6,0.9,0.0001,0.1
0.10533421414785109,0.08730807771755568,MSE,batch,500,1e-05,10,10,False,"(2,)",tanh,relu,0.9,0.9,0.001,0
0.105596709709274,0.08406521809952174,MSE,batch,500,1e-05,10,10,False,"(2,)",tanh,relu,0.6,0.9,0,0
0.1058396217981709,0.08132079428190193,MSE,batch,500,1e-05,10,10,False,"(2,)",tanh,relu,0.4,0.8,0,0
0.10625295242948914,0.08607520864958958,MSE,batch,500,1e-05,10,10,False,"(2,)",tanh,relu,0.9,0.9,0.001,0.5
0.1066118783861983,0.0857391753267683,MSE,batch,500,1e-05,10,10,False,"(2,)",tanh,relu,0.3,0.6,0.001,0
0.10702073730026214,0.08477788300655136,MSE,batch,500,1e-05,10,10,False,"(2,)",tanh,relu,0.5,0.3,0.0001,0
0.10702374225600582,0.08299881722389912,MSE,batch,500,1e-05,10,10,False,"(2,)",tanh,relu,0.4,0.5,0,0
0.10711833713634618,0.08291497862169098,MSE,batch,500,1e-05,10,10,False,"(2,)",tanh,relu,0.4,0.5,0.0001,0
0.10713242130808041,0.07998075171356256,MSE,batch,500,1e-05,10,10,False,"(2,)",tanh,relu,0.9,0.7,0.0001,0.1
0.10731711906438524,0.08356638519160296,MSE,batch,500,1e-05,10,10,False,"(2,)",tanh,relu,0.8,0.9,0,0
0.1073501618959347,0.08295243856337693,MSE,batch,500,1e-05,10,10,False,"(2,)",tanh,relu,0.9,0,0,0
0.10755880358376142,0.08305365462959005,MSE,batch,500,1e-05,10,10,False,"(2,)",tanh,relu,0.6,0,0,0
0.10773008017319931,0.08055575527309015,MSE,batch,500,1e-05,10,10,False,"(2,)",tanh,relu,0.4,0.9,0.001,0
0.1078278354605744,0.09045103367878606,MSE,batch,500,1e-05,10,10,False,"(2,)",tanh,relu,0.7,0.9,0.001,0
0.10789091068267131,0.0823762197874397,MSE,batch,500,1e-05,10,10,False,"(2,)",tanh,relu,0.4,0.4,0.001,0
0.10791879223000171,0.08281670383100324,MSE,batch,500,1e-05,10,10,False,"(2,)",tanh,relu,0.6,0.3,0.001,0
0.10811623632589913,0.082791641188679,MSE,batch,500,1e-05,10,10,False,"(2,)",tanh,relu,0.6,0,0.001,0
0.10830583935792537,0.08479837118717452,MSE,batch,500,1e-05,10,10,False,"(2,)",tanh,relu,0.9,0.8,0,0.1
0.10871015451996957,0.08267699141883039,MSE,batch,500,1e-05,10,10,False,"(2,)",tanh,relu,0.9,0.9,0.0001,0.5
0.10874200688595315,0.08007040552615088,MSE,batch,500,1e-05,10,10,False,"(2,)",tanh,relu,0.9,0.7,0.001,0
0.10890806485086081,0.08336420319737803,MSE,batch,500,1e-05,10,10,False,"(2,)",tanh,relu,0.3,0.9,0.001,0
0.10891872443852711,0.08116539586896143,MSE,batch,500,1e-05,10,10,False,"(2,)",tanh,relu,0.5,0.7,0.001,0.1
0.10892821828603372,0.08241316184406204,MSE,batch,500,1e-05,10,10,False,"(2,)",tanh,relu,0.9,0.6,0.0001,0
0.10909541598914668,0.07946309020335227,MSE,batch,500,1e-05,10,10,False,"(2,)",tanh,relu,0.4,0.7,0.0001,0.1
0.10913984292876784,0.08402071827690792,MSE,batch,500,1e-05,10,10,False,"(2,)",tanh,relu,0.3,0.7,0,0
0.10917498172560071,0.08506529897119727,MSE,batch,500,1e-05,10,10,False,"(2,)",tanh,relu,0.3,0.6,0.0001,0
0.10917760170465562,0.08401107172260172,MSE,batch,500,1e-05,10,10,False,"(2,)",tanh,relu,0.3,0.7,0.0001,0
0.10964434616184393,0.08337877984462513,MSE,batch,500,1e-05,10,10,False,"(2,)",tanh,relu,0.3,0.8,0.001,0
0.1099891866374529,0.07979252656183917,MSE,batch,500,1e-05,10,10,False,"(2,)",tanh,relu,0.4,0.9,0.0001,0
0.11000112406943983,0.07978772735709355,MSE,batch,500,1e-05,10,10,False,"(2,)",tanh,relu,0.4,0.9,0,0
0.11068082007390113,0.08298717833807112,MSE,batch,500,1e-05,10,10,False,"(2,)",tanh,relu,0.8,0.6,0.001,0
0.11071433858968525,0.07853732817521665,MSE,batch,500,1e-05,10,10,False,"(2,)",tanh,relu,0.9,0.8,0.0001,0.1
0.11083564359609417,0.07829936509991328,MSE,batch,500,1e-05,10,10,False,"(2,)",tanh,relu,0.9,0.8,0,0.5
0.11099480434266203,0.08037302550133356,MSE,batch,500,1e-05,10,10,False,"(2,)",tanh,relu,0.6,0.9,0.001,0
0.11108420412042846,0.07845862199563436,MSE,batch,500,1e-05,10,10,False,"(2,)",tanh,relu,0.9,0.7,0.001,0.1
0.1110976761234675,0.08273902857688421,MSE,batch,500,1e-05,10,10,False,"(2,)",tanh,relu,0.9,0.9,0,0.9
0.11145113700806915,0.08173582508033699,MSE,batch,500,1e-05,10,10,False,"(2,)",tanh,relu,0.7,0.7,0.0001,0
0.11152486305710056,0.08117705755495294,MSE,batch,500,1e-05,10,10,False,"(2,)",tanh,relu,0.3,0.8,0,0
0.11156003169191321,0.07854674412152504,MSE,batch,500,1e-05,10,10,False,"(2,)",tanh,relu,0.8,0.8,0.001,0
0.11182841665989607,0.07927750482322024,MSE,batch,500,1e-05,10,10,False,"(2,)",tanh,relu,0.5,0.7,0,0.1
0.11194279003658596,0.0820995042451101,MSE,batch,500,1e-05,10,10,False,"(2,)",tanh,relu,0.9,0.8,0.0001,0.5
0.11196959567895899,0.07856993297462671,MSE,batch,500,1e-05,10,10,False,"(2,)",tanh,relu,0.4,0.9,0,0.1
0.11197780090824917,0.08028173011548466,MSE,batch,500,1e-05,10,10,False,"(2,)",tanh,relu,0.6,0.8,0.001,0
0.11204726152927935,0.07911770463761537,MSE,batch,500,1e-05,10,10,False,"(2,)",tanh,relu,0.5,0.7,0.0001,0.1
0.11214977612246468,0.0803769645482164,MSE,batch,500,1e-05,10,10,False,"(2,)",tanh,relu,0.9,0.8,0,0
0.11216085544292266,0.08340906609923693,MSE,batch,500,1e-05,10,10,False,"(2,)",tanh,relu,0.7,0.5,0.0001,0
0.11217517148591556,0.0814969134363531,MSE,batch,500,1e-05,10,10,False,"(2,)",tanh,relu,0.3,0.9,0.0001,0.1
0.11220324688164048,0.0784443414874058,MSE,batch,500,1e-05,10,10,False,"(2,)",tanh,relu,0.3,0.9,0.0001,0
0.11227832801073113,0.08334339470698686,MSE,batch,500,1e-05,10,10,False,"(2,)",tanh,relu,0.7,0.4,0,0
0.11231349572089748,0.0812804198282385,MSE,batch,500,1e-05,10,10,False,"(2,)",tanh,relu,0.8,0.6,0.0001,0
0.11236927680727395,0.07890467467352508,MSE,batch,500,1e-05,10,10,False,"(2,)",tanh,relu,0.8,0.3,0.001,0
0.11250892471135315,0.08173584234982108,MSE,batch,500,1e-05,10,10,False,"(2,)",tanh,relu,0.8,0.6,0,0
0.11251389714771909,0.08005535300178222,MSE,batch,500,1e-05,10,10,False,"(2,)",tanh,relu,0.6,0.8,0.001,0.1
0.11251894085775765,0.0765995619625234,MSE,batch,500,1e-05,10,10,False,"(2,)",tanh,relu,0.4,0.7,0,0.1
0.1125264404663097,0.08083060964124726,MSE,batch,500,1e-05,10,10,False,"(2,)",tanh,relu,0.9,0.7,0,0
0.11276128309104967,0.07893764425131992,MSE,batch,500,1e-05,10,10,False,"(2,)",tanh,relu,0.3,0.9,0,0
0.112864612405229,0.0814688010075407,MSE,batch,500,1e-05,10,10,False,"(2,)",tanh,relu,0.8,0.5,0,0
0.11286972959026703,0.08061136057878267,MSE,batch,500,1e-05,10,10,False,"(2,)",tanh,relu,0.9,0.5,0.0001,0
0.11297404118816097,0.07804492083305291,MSE,batch,500,1e-05,10,10,False,"(2,)",tanh,relu,0.4,0.8,0.001,0
0.11297859820610641,0.0771518024720658,MSE,batch,500,1e-05,10,10,False,"(2,)",tanh,relu,0.4,0.9,0.0001,0.1
0.11308827474418288,0.08091080702354392,MSE,batch,500,1e-05,10,10,False,"(2,)",tanh,relu,0.9,0.7,0,0.1
0.11309287703695421,0.0803020791111975,MSE,batch,500,1e-05,10,10,False,"(2,)",tanh,relu,0.3,0.7,0,0.1
0.11314245149260849,0.08044799907352841,MSE,batch,500,1e-05,10,10,False,"(2,)",tanh,relu,0.9,0.6,0.001,0
0.11343125699014482,0.08034726744945823,MSE,batch,500,1e-05,10,10,False,"(2,)",tanh,relu,0.9,0.4,0.001,0
0.11344747104309665,0.08115018838627627,MSE,batch,500,1e-05,10,10,False,"(2,)",tanh,relu,0.6,0.3,0.0001,0.1
0.1135103025384236,0.07815216832278934,MSE,batch,500,1e-05,10,10,False,"(2,)",tanh,relu,0.5,0.7,0,0.5
0.11368800811252826,0.08086190136506298,MSE,batch,500,1e-05,10,10,False,"(2,)",tanh,relu,0.9,0.6,0,0
0.11371718381630692,0.08039877603561228,MSE,batch,500,1e-05,10,10,False,"(2,)",tanh,relu,0.9,0.7,0,0.9
0.11379632985798005,0.08096663524620482,MSE,batch,500,1e-05,10,10,False,"(2,)",tanh,relu,0.8,0.4,0.0001,0.1
0.11387590900723303,0.08118696565291211,MSE,batch,500,1e-05,10,10,False,"(2,)",tanh,relu,0.8,0.4,0.001,0
0.11387849376453525,0.07936733799773858,MSE,batch,500,1e-05,10,10,False,"(2,)",tanh,relu,0.3,0.8,0.0001,0
0.1139536981244967,0.07906266933490096,MSE,batch,500,1e-05,10,10,False,"(2,)",tanh,relu,0.7,0.8,0.0001,0
0.11399728812923887,0.08048464898171534,MSE,batch,500,1e-05,10,10,False,"(2,)",tanh,relu,0.8,0.4,0,0
0.11402511310535168,0.08030735775534031,MSE,batch,500,1e-05,10,10,False,"(2,)",tanh,relu,0.6,0.6,0,0
0.11403386052968612,0.07680809407664382,MSE,batch,500,1e-05,10,10,False,"(2,)",tanh,relu,0.8,0.9,0.001,0.1
0.11404036699391291,0.08113240818341332,MSE,batch,500,1e-05,10,10,False,"(2,)",tanh,relu,0.6,0.6,0.0001,0.1
0.11444766438752385,0.07788712887928731,MSE,batch,500,1e-05,10,10,False,"(2,)",tanh,relu,0.7,0,0.0001,0
0.11448961608571924,0.0768698299944495,MSE,batch,500,1e-05,10,10,False,"(2,)",tanh,relu,0.4,0.7,0.001,0.1
0.1145855674370793,0.07857633401214417,MSE,batch,500,1e-05,10,10,False,"(2,)",tanh,relu,0.6,0.9,0.0001,0.5
0.11459625483403219,0.0783940498318221,MSE,batch,500,1e-05,10,10,False,"(2,)",tanh,relu,0.5,0.3,0.001,0
0.11471855647546121,0.07689300292556599,MSE,batch,500,1e-05,10,10,False,"(2,)",tanh,relu,0.6,0.9,0,0.9
0.11488658344476897,0.07896806578206572,MSE,batch,500,1e-05,10,10,False,"(2,)",tanh,relu,0.4,0.7,0,0
0.11501943447549991,0.08406158068798103,MSE,batch,500,1e-05,10,10,False,"(2,)",tanh,relu,0.7,0.3,0.001,0
0.11502864374721204,0.07996222410349589,MSE,batch,500,1e-05,10,10,False,"(2,)",tanh,relu,0.9,0.6,0.0001,0.1
0.11505577950166462,0.07925339975678171,MSE,batch,500,1e-05,10,10,False,"(2,)",tanh,relu,0.6,0.6,0.0001,0
0.11507480604729252,0.07807379272884352,MSE,batch,500,1e-05,10,10,False,"(2,)",tanh,relu,0.9,0.8,0.001,0.1
0.11511991105443019,0.07868399535670491,MSE,batch,500,1e-05,10,10,False,"(2,)",tanh,relu,0.3,0.9,0,0.5
0.11524357163788855,0.07661509344989897,MSE,batch,500,1e-05,10,10,False,"(2,)",tanh,relu,0.7,0,0.001,0
0.11529731729983471,0.08259992235021943,MSE,batch,500,1e-05,10,10,False,"(2,)",tanh,relu,0.6,0.9,0.001,0.5
0.11530483889455538,0.07511641808083035,MSE,batch,500,1e-05,10,10,False,"(2,)",tanh,relu,0.9,0.9,0.001,0.1
0.11544498588612832,0.07759967914015153,MSE,batch,500,1e-05,10,10,False,"(2,)",tanh,relu,0.8,0.8,0.0001,0.1
0.11574050115996566,0.07880821148107862,MSE,batch,500,1e-05,10,10,False,"(2,)",tanh,relu,0.7,0.6,0,0.1
0.11582227024918292,0.07574583099165295,MSE,batch,500,1e-05,10,10,False,"(2,)",tanh,relu,0.4,0.8,0.001,0.1
0.11586056321165039,0.0753210436904645,MSE,batch,500,1e-05,10,10,False,"(2,)",tanh,relu,0.8,0.8,0,0.1
0.11592602767660383,0.07811448235099301,MSE,batch,500,1e-05,10,10,False,"(2,)",tanh,relu,0.4,0,0,0
0.11612491532208659,0.07572022328239462,MSE,batch,500,1e-05,10,10,False,"(2,)",tanh,relu,0.4,0.9,0,0.9
0.11617599746390696,0.07493985422284102,MSE,batch,500,1e-05,10,10,False,"(2,)",tanh,relu,0.4,0.3,0,0
0.11628436942797275,0.07763877918107165,MSE,batch,500,1e-05,10,10,False,"(2,)",tanh,relu,0.7,0.6,0.001,0
0.11640556975369282,0.0769762833411171,MSE,batch,500,1e-05,10,10,False,"(2,)",tanh,relu,0.6,0.9,0.0001,0
0.11649612448645297,0.07376113131106507,MSE,batch,500,1e-05,10,10,False,"(2,)",tanh,relu,0.9,0.5,0.0001,0.5
0.11651533779807477,0.07618099334403303,MSE,batch,500,1e-05,10,10,False,"(2,)",tanh,relu,0.5,0.9,0,0
0.11658531599829704,0.07545199620265262,MSE,batch,500,1e-05,10,10,False,"(2,)",tanh,relu,0.7,0.9,0.0001,0.1
0.11684957150947443,0.07789098447872962,MSE,batch,500,1e-05,10,10,False,"(2,)",tanh,relu,0.7,0.6,0.0001,0
0.11691796760686274,0.07722482674912469,MSE,batch,500,1e-05,10,10,False,"(2,)",tanh,relu,0.3,0.9,0.0001,0.5
0.1170527248975151,0.07598193277056742,MSE,batch,500,1e-05,10,10,False,"(2,)",tanh,relu,0.8,0.4,0.001,0.1
0.1173653913454028,0.0772379137817798,MSE,batch,500,1e-05,10,10,False,"(2,)",tanh,relu,0.6,0.9,0.0001,0.9
0.11740737930938126,0.07654778823097377,MSE,batch,500,1e-05,10,10,False,"(2,)",tanh,relu,0.6,0.8,0.0001,0
0.11743566827338624,0.07750728337958804,MSE,batch,500,1e-05,10,10,False,"(2,)",tanh,relu,0.5,0.9,0.0001,0
0.1175256786403932,0.07722910828212522,MSE,batch,500,1e-05,10,10,False,"(2,)",tanh,relu,0.5,0.9,0.001,0
0.11767115518750515,0.07375707323931928,MSE,batch,500,1e-05,10,10,False,"(2,)",tanh,relu,0.8,0.7,0.001,0.1
0.11770586007969923,0.07522231855154614,MSE,batch,500,1e-05,10,10,False,"(2,)",tanh,relu,0.3,0.9,0,0.1
0.11774718418031734,0.07518476346885626,MSE,batch,500,1e-05,10,10,False,"(2,)",tanh,relu,0.5,0.7,0.0001,0.5
0.11780895080888465,0.07860883197753399,MSE,batch,500,1e-05,10,10,False,"(2,)",tanh,relu,0.6,0.7,0.0001,0.5
0.11801229834923205,0.07881774980017196,MSE,batch,500,1e-05,10,10,False,"(2,)",tanh,relu,0.3,0.9,0.001,0.1
0.11823547117494843,0.08016446553973752,MSE,batch,500,1e-05,10,10,False,"(2,)",tanh,relu,0.8,0,0.0001,0
0.11845079842071553,0.07572272069552388,MSE,batch,500,1e-05,10,10,False,"(2,)",tanh,relu,0.7,0.3,0.0001,0
0.1184605078600952,0.07908481737905293,MSE,batch,500,1e-05,10,10,False,"(2,)",tanh,relu,0.9,0.3,0.001,0
0.11853641794043061,0.07321194055212538,MSE,batch,500,1e-05,10,10,False,"(2,)",tanh,relu,0.5,0.6,0.0001,0
0.1185642099421718,0.07641140698149174,MSE,batch,500,1e-05,10,10,False,"(2,)",tanh,relu,0.4,0.4,0.0001,0.1
0.11862012790785532,0.07688877606540333,MSE,batch,500,1e-05,10,10,False,"(2,)",tanh,relu,0.3,0.8,0.001,0.1
0.11863971968338755,0.07388370464726574,MSE,batch,500,1e-05,10,10,False,"(2,)",tanh,relu,0.6,0.5,0.0001,0
0.11878147562979174,0.07319422305312485,MSE,batch,500,1e-05,10,10,False,"(2,)",tanh,relu,0.4,0.9,0,0.5
0.11879726677132231,0.07315463259253627,MSE,batch,500,1e-05,10,10,False,"(2,)",tanh,relu,0.5,0.7,0,0
0.1188253395461563,0.07556558070016485,MSE,batch,500,1e-05,10,10,False,"(2,)",tanh,relu,0.4,0,0.0001,0
0.11891829849379222,0.07700812233121183,MSE,batch,500,1e-05,10,10,False,"(2,)",tanh,relu,0.4,0.7,0.0001,0
0.11894666588892833,0.07318900259115307,MSE,batch,500,1e-05,10,10,False,"(2,)",tanh,relu,0.9,0.8,0.001,0
0.11894951738720433,0.07368489212613176,MSE,batch,500,1e-05,10,10,False,"(2,)",tanh,relu,0.8,0.9,0.001,0.9
0.11905952756661525,0.0752284917368593,MSE,batch,500,1e-05,10,10,False,"(2,)",tanh,relu,0.9,0.8,0.001,0.5
0.11910182181079776,0.08078737810950191,MSE,batch,500,1e-05,10,10,False,"(2,)",tanh,relu,0.7,0.4,0.0001,0
0.1191293568448637,0.0741711554623178,MSE,batch,500,1e-05,10,10,False,"(2,)",tanh,relu,0.4,0.3,0.0001,0
0.11921021589894826,0.07813238277930769,MSE,batch,500,1e-05,10,10,False,"(2,)",tanh,relu,0.3,0.9,0,0.9
0.1192896573298657,0.07571841092157715,MSE,batch,500,1e-05,10,10,False,"(2,)",tanh,relu,0.6,0.8,0,0.9
0.1193561897996811,0.074532745820595,MSE,batch,500,1e-05,10,10,False,"(2,)",tanh,relu,0.9,0.9,0.0001,0.1
0.11947582041833131,0.07583502892338248,MSE,batch,500,1e-05,10,10,False,"(2,)",tanh,relu,0.6,0.8,0.0001,0.5
0.11952238690269663,0.07297881025508199,MSE,batch,500,1e-05,10,10,False,"(2,)",tanh,relu,0.9,0,0,0.1
0.11953739434775557,0.07455558627733412,MSE,batch,500,1e-05,10,10,False,"(2,)",tanh,relu,0.4,0.4,0,0
0.11954394444974743,0.07257852640919307,MSE,batch,500,1e-05,10,10,False,"(2,)",tanh,relu,0.4,0.9,0.0001,0.5
0.11954962689577608,0.07588321367614541,MSE,batch,500,1e-05,10,10,False,"(2,)",tanh,relu,0.3,0.7,0.001,0
0.11961086130081688,0.07824284991989859,MSE,batch,500,1e-05,10,10,False,"(2,)",tanh,relu,0.5,0.3,0,0
0.11981268418564152,0.07685270667183891,MSE,batch,500,1e-05,10,10,False,"(2,)",tanh,relu,0.8,0.8,0.001,0.1
0.11983522651092027,0.0735619471333353,MSE,batch,500,1e-05,10,10,False,"(2,)",tanh,relu,0.7,0.5,0,0
0.11995688270132249,0.07577864687872597,MSE,batch,500,1e-05,10,10,False,"(2,)",tanh,relu,0.9,0.9,0,0.1
0.12000055990515468,0.07553284503042987,MSE,batch,500,1e-05,10,10,False,"(2,)",tanh,relu,0.4,0.3,0.001,0
0.1200346315598181,0.07578908691913153,MSE,batch,500,1e-05,10,10,False,"(2,)",tanh,relu,0.3,0.5,0.001,0
0.12006055949277726,0.07502222421133604,MSE,batch,500,1e-05,10,10,False,"(2,)",tanh,relu,0.3,0.6,0,0
0.12011444475879557,0.07202408123239057,MSE,batch,500,1e-05,10,10,False,"(2,)",tanh,relu,0.8,0.6,0.001,0.1
0.12012055339481116,0.07088889764298373,MSE,batch,500,1e-05,10,10,False,"(2,)",tanh,relu,0.9,0.9,0,0
0.12033994358608219,0.07340889201587925,MSE,batch,500,1e-05,10,10,False,"(2,)",tanh,relu,0.7,0.5,0.001,0
0.1203410728483847,0.0743061087296868,MSE,batch,500,1e-05,10,10,False,"(2,)",tanh,relu,0.9,0.8,0.0001,0.9
0.12043586918338918,0.07480893773727051,MSE,batch,500,1e-05,10,10,False,"(2,)",tanh,relu,0.3,0.5,0.0001,0
0.1206970397078642,0.07359681841849876,MSE,batch,500,1e-05,10,10,False,"(2,)",tanh,relu,0.5,0.7,0.0001,0
0.120792883198499,0.07163790960035607,MSE,batch,500,1e-05,10,10,False,"(2,)",tanh,relu,0.9,0.7,0.001,0.5
0.12091528730694545,0.07472110401227634,MSE,batch,500,1e-05,10,10,False,"(2,)",tanh,relu,0.8,0.8,0,0
0.12103067685557552,0.07325252389182121,MSE,batch,500,1e-05,10,10,False,"(2,)",tanh,relu,0.7,0.3,0,0
0.1210472819546796,0.07678881949086246,MSE,batch,500,1e-05,10,10,False,"(2,)",tanh,relu,0.7,0.8,0.001,0.1
0.1211553293519491,0.07430027852207041,MSE,batch,500,1e-05,10,10,False,"(2,)",tanh,relu,0.3,0.9,0.0001,0.9
0.12120523116089454,0.07313627941236758,MSE,batch,500,1e-05,10,10,False,"(2,)",tanh,relu,0.7,0,0,0
0.12140248382709935,0.07443568652937695,MSE,batch,500,1e-05,10,10,False,"(2,)",tanh,relu,0.5,0.8,0.0001,0.1
0.12147557415376166,0.07261878921481141,MSE,batch,500,1e-05,10,10,False,"(2,)",tanh,relu,0.8,0.3,0.0001,0.1
0.12149128337603236,0.07265490774121161,MSE,batch,500,1e-05,10,10,False,"(2,)",tanh,relu,0.7,0.9,0,0
0.12155944271989477,0.07403795804478454,MSE,batch,500,1e-05,10,10,False,"(2,)",tanh,relu,0.6,0.9,0.001,0.9
0.12157341472451155,0.0712274415841263,MSE,batch,500,1e-05,10,10,False,"(2,)",tanh,relu,0.4,0.9,0.0001,0.9
0.12184138486145762,0.07314088918629405,MSE,batch,500,1e-05,10,10,False,"(2,)",tanh,relu,0.9,0.7,0.0001,0.5
0.12185928747440485,0.07267671969102511,MSE,batch,500,1e-05,10,10,False,"(2,)",tanh,relu,0.5,0.6,0.001,0
0.12194005898212212,0.07151686584162764,MSE,batch,500,1e-05,10,10,False,"(2,)",tanh,relu,0.6,0.4,0.001,0.1
0.12196001846584074,0.07459298689052252,MSE,batch,500,1e-05,10,10,False,"(2,)",tanh,relu,0.8,0.9,0.001,0.5
0.12197420317183162,0.07396444349387166,MSE,batch,500,1e-05,10,10,False,"(2,)",tanh,relu,0.4,0.8,0.0001,0
0.12198958536299527,0.07643356589752051,MSE,batch,500,1e-05,10,10,False,"(2,)",tanh,relu,0.8,0.5,0.0001,0.1
0.1220098937627709,0.07399878764219486,MSE,batch,500,1e-05,10,10,False,"(2,)",tanh,relu,0.7,0.7,0,0
0.12209323401831947,0.07427525924466633,MSE,batch,500,1e-05,10,10,False,"(2,)",tanh,relu,0.9,0.9,0.0001,0
0.12219985064675302,0.07158769984743217,MSE,batch,500,1e-05,10,10,False,"(2,)",tanh,relu,0.9,0.8,0,0.9
0.1222430712729522,0.07317583374378762,MSE,batch,500,1e-05,10,10,False,"(2,)",tanh,relu,0.3,0.7,0.0001,0.1
0.12224780472305889,0.07507881864100464,MSE,batch,500,1e-05,10,10,False,"(2,)",tanh,relu,0.9,0.9,0,0.5
0.12226863665878969,0.07410658072250877,MSE,batch,500,1e-05,10,10,False,"(2,)",tanh,relu,0.7,0.6,0,0
0.12227845155081606,0.07290718486425088,MSE,batch,500,1e-05,10,10,False,"(2,)",tanh,relu,0.9,0.6,0,0.5
0.12247456437444203,0.07149872796773044,MSE,batch,500,1e-05,10,10,False,"(2,)",tanh,relu,0.4,0.5,0,0.1
0.12255428796243262,0.07262611999424201,MSE,batch,500,1e-05,10,10,False,"(2,)",tanh,relu,0.4,0.4,0,0.1
0.12255564452333984,0.07393067111066742,MSE,batch,500,1e-05,10,10,False,"(2,)",tanh,relu,0.3,0.3,0,0
0.12265161384931865,0.07437735773677505,MSE,batch,500,1e-05,10,10,False,"(2,)",tanh,relu,0.3,0.4,0,0
0.1226726363072539,0.07853744444964622,MSE,batch,500,1e-05,10,10,False,"(2,)",tanh,relu,0.9,0.5,0.0001,0.1
0.12273946160686437,0.0715234085413603,MSE,batch,500,1e-05,10,10,False,"(2,)",tanh,relu,0.8,0.3,0,0.1
0.12280601792035269,0.07461689686362002,MSE,batch,500,1e-05,10,10,False,"(2,)",tanh,relu,0.3,0.4,0.0001,0
0.12292372937471847,0.0714662222777109,MSE,batch,500,1e-05,10,10,False,"(2,)",tanh,relu,0.4,0.6,0,0
0.12305631998813422,0.07696342905424514,MSE,batch,500,1e-05,10,10,False,"(2,)",tanh,relu,0.8,0.4,0.0001,0
0.12310297384260872,0.07719211745648609,MSE,batch,500,1e-05,10,10,False,"(2,)",tanh,relu,0.8,0.3,0.0001,0
0.12314389049486342,0.07386464751572844,MSE,batch,500,1e-05,10,10,False,"(2,)",tanh,relu,0.8,0.9,0.0001,0.9
0.12320776836360041,0.07176724636971209,MSE,batch,500,1e-05,10,10,False,"(2,)",tanh,relu,0.7,0.4,0.001,0
0.12340823091739267,0.07235180706778077,MSE,batch,500,1e-05,10,10,False,"(2,)",tanh,relu,0.6,0.8,0.0001,0.1
0.12341713982964632,0.07293405588313538,MSE,batch,500,1e-05,10,10,False,"(2,)",tanh,relu,0.6,0.6,0,0.1
0.12345237804155251,0.07193833455629656,MSE,batch,500,1e-05,10,10,False,"(2,)",tanh,relu,0.9,0.6,0.0001,0.5
0.12360611061952569,0.07834769386798447,MSE,batch,500,1e-05,10,10,False,"(2,)",tanh,relu,0.8,0,0,0
0.12368723678058162,0.07079408126919604,MSE,batch,500,1e-05,10,10,False,"(2,)",tanh,relu,0.4,0.5,0.001,0
0.12378035765070372,0.07047867924138183,MSE,batch,500,1e-05,10,10,False,"(2,)",tanh,relu,0.9,0.6,0,0.1
0.12386560281902737,0.07217508707557259,MSE,batch,500,1e-05,10,10,False,"(2,)",tanh,relu,0.9,0.3,0.0001,0
0.12401194575419777,0.07104719372731076,MSE,batch,500,1e-05,10,10,False,"(2,)",tanh,relu,0.7,0.3,0,0.1
0.12405585632534527,0.0723871629418941,MSE,batch,500,1e-05,10,10,False,"(2,)",tanh,relu,0.5,0.3,0.0001,0.1
0.12413018001813884,0.07078783608865312,MSE,batch,500,1e-05,10,10,False,"(2,)",tanh,relu,0.4,0.6,0.0001,0
0.12416464172950455,0.07049854948336273,MSE,batch,500,1e-05,10,10,False,"(2,)",tanh,relu,0.9,0,0.0001,0.1
0.12419996161427066,0.07097240571430381,MSE,batch,500,1e-05,10,10,False,"(2,)",tanh,relu,0.9,0.3,0,0.5
0.12425357456825081,0.06891688370820194,MSE,batch,500,1e-05,10,10,False,"(2,)",tanh,relu,0.5,0.6,0,0.1
0.12425455029903267,0.0722795958655216,MSE,batch,500,1e-05,10,10,False,"(2,)",tanh,relu,0.9,0.3,0,0.1
0.12431465261237129,0.07278424636034107,MSE,batch,500,1e-05,10,10,False,"(2,)",tanh,relu,0.8,0.5,0.001,0
0.12433204956887058,0.07067972598543688,MSE,batch,500,1e-05,10,10,False,"(2,)",tanh,relu,0.9,0.4,0.0001,0.5
0.12444675034969692,0.07097844660811646,MSE,batch,500,1e-05,10,10,False,"(2,)",tanh,relu,0.3,0.8,0,0.1
0.12445603157451852,0.0719805756836753,MSE,batch,500,1e-05,10,10,False,"(2,)",tanh,relu,0.9,0.4,0,0.5
0.12447350375313049,0.07138133623883798,MSE,batch,500,1e-05,10,10,False,"(2,)",tanh,relu,0.9,0.4,0,0.1
0.12451809333159584,0.07445251684653022,MSE,batch,500,1e-05,10,10,False,"(2,)",tanh,relu,0.7,0.9,0.001,0.5
0.1245336139514699,0.07273326450313486,MSE,batch,500,1e-05,10,10,False,"(2,)",tanh,relu,0.5,0.4,0.001,0
0.1245853454541692,0.0720585794261944,MSE,batch,500,1e-05,10,10,False,"(2,)",tanh,relu,0.9,0.3,0.0001,0.1
0.12466829572044874,0.07080593016232463,MSE,batch,500,1e-05,10,10,False,"(2,)",tanh,relu,0.3,0.8,0.0001,0.1
0.12468863563172894,0.0741120679288359,MSE,batch,500,1e-05,10,10,False,"(2,)",tanh,relu,0.5,0.3,0,0.1
0.12480659004279797,0.06906855372338701,MSE,batch,500,1e-05,10,10,False,"(2,)",tanh,relu,0.4,0.7,0.0001,0.5
0.12487302545341357,0.07098093590714802,MSE,batch,500,1e-05,10,10,False,"(2,)",tanh,relu,0.5,0.5,0.0001,0
0.12489870651318306,0.07371243693468421,MSE,batch,500,1e-05,10,10,False,"(2,)",tanh,relu,0.7,0.8,0.0001,0.5
0.12493241838620635,0.07084345430141703,MSE,batch,500,1e-05,10,10,False,"(2,)",tanh,relu,0.9,0.3,0,0
0.12502553288671356,0.07090932574744514,MSE,batch,500,1e-05,10,10,False,"(2,)",tanh,relu,0.9,0.4,0.0001,0.1
0.1250832327144401,0.06965948816403407,MSE,batch,500,1e-05,10,10,False,"(2,)",tanh,relu,0.4,0.5,0.0001,0.1
0.12510133872298815,0.08833467573992163,MSE,batch,500,1e-05,10,10,False,"(2,)",tanh,relu,0.8,0.9,0,0.1
0.12514559477981127,0.06894996633436216,MSE,batch,500,1e-05,10,10,False,"(2,)",tanh,relu,0.7,0.6,0.0001,0.1
0.125292808924958,0.07210696179679535,MSE,batch,500,1e-05,10,10,False,"(2,)",tanh,relu,0.8,0.6,0,0.9
0.1254491791944953,0.07308197809350192,MSE,batch,500,1e-05,10,10,False,"(2,)",tanh,relu,0.8,0.5,0.001,0.1
0.12550718257170645,0.07124504747264865,MSE,batch,500,1e-05,10,10,False,"(2,)",tanh,relu,0.3,0.5,0.0001,0.1
0.1255193492706174,0.07166432648520146,MSE,batch,500,1e-05,10,10,False,"(2,)",tanh,relu,0.8,0.8,0.0001,0.5
0.12554291384647254,0.07048196273302379,MSE,batch,500,1e-05,10,10,False,"(2,)",tanh,relu,0.7,0,0,0.1
0.12554334046432017,0.07032404269892793,MSE,batch,500,1e-05,10,10,False,"(2,)",tanh,relu,0.5,0.6,0,0
0.12556029249866532,0.069019608657611,MSE,batch,500,1e-05,10,10,False,"(2,)",tanh,relu,0.4,0.6,0,0.1
0.12556971675564224,0.07190005791507723,MSE,batch,500,1e-05,10,10,False,"(2,)",tanh,relu,0.5,0.5,0,0
0.12559982087529034,0.0704552558812651,MSE,batch,500,1e-05,10,10,False,"(2,)",tanh,relu,0.5,0.5,0.001,0
0.12564669389753555,0.07002094662231757,MSE,batch,500,1e-05,10,10,False,"(2,)",tanh,relu,0.8,0.7,0.001,0
0.12569876717246192,0.07252104321715154,MSE,batch,500,1e-05,10,10,False,"(2,)",tanh,relu,0.5,0.8,0,0.9
0.12578382405587266,0.06872963184795856,MSE,batch,500,1e-05,10,10,False,"(2,)",tanh,relu,0.7,0.7,0,0.5
0.12587053051441896,0.07081519928533343,MSE,batch,500,1e-05,10,10,False,"(2,)",tanh,relu,0.9,0.6,0.0001,0.9
0.12588784689112578,0.07354425896415473,MSE,batch,500,1e-05,10,10,False,"(2,)",tanh,relu,0.6,0.7,0,0
0.1259989500599948,0.07066248318412004,MSE,batch,500,1e-05,10,10,False,"(2,)",tanh,relu,0.8,0.7,0,0.1
0.12607503903128386,0.07043324621434051,MSE,batch,500,1e-05,10,10,False,"(2,)",tanh,relu,0.4,0.6,0.001,0
0.12608849728539473,0.0677727725101133,MSE,batch,500,1e-05,10,10,False,"(2,)",tanh,relu,0.5,0.6,0.0001,0.1
0.1261035136991828,0.06856693034996161,MSE,batch,500,1e-05,10,10,False,"(2,)",tanh,relu,0.4,0.6,0.0001,0.1
0.12610362508580045,0.07025437271141868,MSE,batch,500,1e-05,10,10,False,"(2,)",tanh,relu,0.7,0.5,0,0.1
0.1263635995217536,0.07388392224994,MSE,batch,500,1e-05,10,10,False,"(2,)",tanh,relu,0.6,0.7,0.0001,0
0.12638390684926856,0.07270119761073673,MSE,batch,500,1e-05,10,10,False,"(2,)",tanh,relu,0.5,0.9,0,0.9
0.12651478828467413,0.0679299937998545,MSE,batch,500,1e-05,10,10,False,"(2,)",tanh,relu,0.6,0.5,0,0.1
0.12651488460025187,0.07208360773782464,MSE,batch,500,1e-05,10,10,False,"(2,)",tanh,relu,0.3,0.3,0,0.1
0.12664139931346183,0.07164945133218946,MSE,batch,500,1e-05,10,10,False,"(2,)",tanh,relu,0.6,0.6,0,0.5
0.1266848981200973,0.07054642080654659,MSE,batch,500,1e-05,10,10,False,"(2,)",tanh,relu,0.3,0,0.001,0
0.12671065559979564,0.07127404850918515,MSE,batch,500,1e-05,10,10,False,"(2,)",tanh,relu,0.6,0.7,0,0.5
0.126733485087133,0.06861950733292863,MSE,batch,500,1e-05,10,10,False,"(2,)",tanh,relu,0.6,0.3,0.0001,0
0.12675300001173606,0.07150700532822402,MSE,batch,500,1e-05,10,10,False,"(2,)",tanh,relu,0.7,0.7,0.001,0
0.12676905702352298,0.0689165997390585,MSE,batch,500,1e-05,10,10,False,"(2,)",tanh,relu,0.7,0.3,0.0001,0.1
0.12678877642294675,0.06875885866056525,MSE,batch,500,1e-05,10,10,False,"(2,)",tanh,relu,0.6,0.4,0.0001,0
0.12687744947852952,0.0676267005702054,MSE,batch,500,1e-05,10,10,False,"(2,)",tanh,relu,0.6,0.5,0.0001,0.1
0.12703334361700627,0.06959270429142113,MSE,batch,500,1e-05,10,10,False,"(2,)",tanh,relu,0.6,0.4,0,0.1
0.12708386640654717,0.07200547261110914,MSE,batch,500,1e-05,10,10,False,"(2,)",tanh,relu,0.5,0.9,0.0001,0.9
0.12711695089101768,0.06937105886493149,MSE,batch,500,1e-05,10,10,False,"(2,)",tanh,relu,0.8,0.4,0,0.5
0.1272487354646364,0.06739821995810807,MSE,batch,500,1e-05,10,10,False,"(2,)",tanh,relu,0.6,0.4,0.0001,0.1
0.12725519155047504,0.06829633231746828,MSE,batch,500,1e-05,10,10,False,"(2,)",tanh,relu,0.7,0.4,0,0.1
0.12731532881193233,0.06952941960284015,MSE,batch,500,1e-05,10,10,False,"(2,)",tanh,relu,0.6,0.4,0,0
0.12732400780988168,0.07105484632449692,MSE,batch,500,1e-05,10,10,False,"(2,)",tanh,relu,0.7,0.7,0,0.1
0.12733184737768147,0.07092424885535002,MSE,batch,500,1e-05,10,10,False,"(2,)",tanh,relu,0.9,0.9,0.001,0.9
0.1273833868994216,0.06711507491782899,MSE,batch,500,1e-05,10,10,False,"(2,)",tanh,relu,0.4,0.9,0.001,0.5
0.12740024582505605,0.06709881091800503,MSE,batch,500,1e-05,10,10,False,"(2,)",tanh,relu,0.9,0.4,0.0001,0
0.1274215308839428,0.06708645814477134,MSE,batch,500,1e-05,10,10,False,"(2,)",tanh,relu,0.9,0.4,0,0
0.12745540303884936,0.07051616872263136,MSE,batch,500,1e-05,10,10,False,"(2,)",tanh,relu,0.6,0.8,0.0001,0.9
0.12758618113581552,0.06838789730766505,MSE,batch,500,1e-05,10,10,False,"(2,)",tanh,relu,0.8,0.8,0.001,0.5
0.12767773904944257,0.06934371195386153,MSE,batch,500,1e-05,10,10,False,"(2,)",tanh,relu,0.6,0.8,0.001,0.5
0.12767776180311743,0.06779704285082669,MSE,batch,500,1e-05,10,10,False,"(2,)",tanh,relu,0.5,0.4,0,0.1
0.12770268845477462,0.06835306840533181,MSE,batch,500,1e-05,10,10,False,"(2,)",tanh,relu,0.9,0.9,0.0001,0.9
0.1277186115962199,0.0671059761758151,MSE,batch,500,1e-05,10,10,False,"(2,)",tanh,relu,0.4,0,0.001,0
0.12776679271173758,0.06751503879453892,MSE,batch,500,1e-05,10,10,False,"(2,)",tanh,relu,0.5,0.4,0,0
0.1278846990216539,0.06721885215986921,MSE,batch,500,1e-05,10,10,False,"(2,)",tanh,relu,0.5,0.4,0.0001,0
0.12806562696015442,0.06718897100453855,MSE,batch,500,1e-05,10,10,False,"(2,)",tanh,relu,0.4,0.3,0,0.1
0.1280843408407324,0.06819722417008545,MSE,batch,500,1e-05,10,10,False,"(2,)",tanh,relu,0.6,0.6,0.001,0.1
0.12809358796399936,0.06685890526115067,MSE,batch,500,1e-05,10,10,False,"(2,)",tanh,relu,0.9,0.6,0,0.9
0.12827371457637976,0.07070073682292798,MSE,batch,500,1e-05,10,10,False,"(2,)",tanh,relu,0.7,0.8,0,0.1
0.12829964928978707,0.0696242287109963,MSE,batch,500,1e-05,10,10,False,"(2,)",tanh,relu,0.6,0.9,0,0.5
0.1283168308833105,0.06889387532543685,MSE,batch,500,1e-05,10,10,False,"(2,)",tanh,relu,0.7,0.6,0,0.9
0.1283334185524835,0.07077414032597884,MSE,batch,500,1e-05,10,10,False,"(2,)",tanh,relu,0.7,0.8,0.0001,0.1
0.1283518000811971,0.07039946446101168,MSE,batch,500,1e-05,10,10,False,"(2,)",tanh,relu,0.4,0.8,0,0.5
0.12842936319237083,0.06697671293417833,MSE,batch,500,1e-05,10,10,False,"(2,)",tanh,relu,0.7,0.7,0,0.9
0.12852000527274687,0.06881490011586718,MSE,batch,500,1e-05,10,10,False,"(2,)",tanh,relu,0.6,0.3,0,0.1
0.12854120620667922,0.07448025641485406,MSE,batch,500,1e-05,10,10,False,"(2,)",tanh,relu,0.9,0.5,0,0.5
0.1285714664019322,0.06979176378518726,MSE,batch,500,1e-05,10,10,False,"(2,)",tanh,relu,0.8,0.5,0,0.1
0.1286044638861239,0.06869096349527849,MSE,batch,500,1e-05,10,10,False,"(2,)",tanh,relu,0.6,0.5,0.001,0
0.1286660055183592,0.06840343909173063,MSE,batch,500,1e-05,10,10,False,"(2,)",tanh,relu,0.6,0.7,0.001,0.1
0.12871338777139074,0.06883556710488668,MSE,batch,500,1e-05,10,10,False,"(2,)",tanh,relu,0.8,0.8,0,0.9
0.1288252132489486,0.06863729945593107,MSE,batch,500,1e-05,10,10,False,"(2,)",tanh,relu,0.7,0.8,0,0
0.12886495608335471,0.06608771223540919,MSE,batch,500,1e-05,10,10,False,"(2,)",tanh,relu,0.9,0,0.0001,0
0.12897151720895797,0.0704641425629786,MSE,batch,500,1e-05,10,10,False,"(2,)",tanh,relu,0.7,0.7,0.001,0.1
0.12898267765563837,0.06721600888125719,MSE,batch,500,1e-05,10,10,False,"(2,)",tanh,relu,0.4,0.3,0.0001,0.1
0.12903267602154564,0.06817239109204763,MSE,batch,500,1e-05,10,10,False,"(2,)",tanh,relu,0.3,0.8,0,0.5
0.12911201751314003,0.06839769437057006,MSE,batch,500,1e-05,10,10,False,"(2,)",tanh,relu,0.5,0.5,0.0001,0.1
0.12912522208296023,0.06829213953543602,MSE,batch,500,1e-05,10,10,False,"(2,)",tanh,relu,0.7,0.4,0,0.5
0.12916742519216637,0.0688675991903033,MSE,batch,500,1e-05,10,10,False,"(2,)",tanh,relu,0.5,0.5,0,0.1
0.12931799592168128,0.06696649360294588,MSE,batch,500,1e-05,10,10,False,"(2,)",tanh,relu,0.9,0,0.001,0.1
0.12941824652919462,0.0709011972616391,MSE,batch,500,1e-05,10,10,False,"(2,)",tanh,relu,0.3,0.6,0,0.1
0.12943643455007603,0.066976801532404,MSE,batch,500,1e-05,10,10,False,"(2,)",tanh,relu,0.5,0.4,0.0001,0.1
0.12944222346278325,0.06628886174905076,MSE,batch,500,1e-05,10,10,False,"(2,)",tanh,relu,0.6,0.3,0.001,0.1
0.12948461966830874,0.06496596521478672,MSE,batch,500,1e-05,10,10,False,"(2,)",tanh,relu,0.4,0.9,0.001,0.1
0.12949381156230402,0.0689976867638494,MSE,batch,500,1e-05,10,10,False,"(2,)",tanh,relu,0.3,0.7,0.001,0.1
0.12951771220122124,0.06849597115500823,MSE,batch,500,1e-05,10,10,False,"(2,)",tanh,relu,0.7,0.5,0.0001,0.1
0.1296048434598028,0.07032967939013467,MSE,batch,500,1e-05,10,10,False,"(2,)",tanh,relu,0.7,0.7,0.0001,0.1
0.1298867603556176,0.06974258419627968,MSE,batch,500,1e-05,10,10,False,"(2,)",tanh,relu,0.7,0.7,0.0001,0.5
0.12990887369086881,0.07021665247984443,MSE,batch,500,1e-05,10,10,False,"(2,)",tanh,relu,0.4,0.8,0,0.1
0.12991439516386644,0.06643894578803448,MSE,batch,500,1e-05,10,10,False,"(2,)",tanh,relu,0.9,0.7,0.0001,0
0.12998088003765754,0.06855541721961839,MSE,batch,500,1e-05,10,10,False,"(2,)",tanh,relu,0.4,0.7,0,0.5
0.12998268582192507,0.06906754667658818,MSE,batch,500,1e-05,10,10,False,"(2,)",tanh,relu,0.4,0.8,0.0001,0.5
0.13002394880012336,0.07014615084689578,MSE,batch,500,1e-05,10,10,False,"(2,)",tanh,relu,0.4,0.8,0.0001,0.1
0.13007879928039023,0.06668276102668515,MSE,batch,500,1e-05,10,10,False,"(2,)",tanh,relu,0.7,0,0.0001,0.1
0.130218630828724,0.06562304324979143,MSE,batch,500,1e-05,10,10,False,"(2,)",tanh,relu,0.7,0.6,0.001,0.1
0.13027655004153818,0.07732595254024503,MSE,batch,500,1e-05,10,10,False,"(2,)",tanh,relu,0.3,0,0,0
0.1303229695322732,0.0674925396911449,MSE,batch,500,1e-05,10,10,False,"(2,)",tanh,relu,0.5,0.6,0,0.5
0.13033088105123877,0.0772905944645331,MSE,batch,500,1e-05,10,10,False,"(2,)",tanh,relu,0.3,0,0.0001,0
0.13035808811567015,0.06687183123153531,MSE,batch,500,1e-05,10,10,False,"(2,)",tanh,relu,0.8,0.7,0,0.5
0.13036863589623773,0.06507905699993814,MSE,batch,500,1e-05,10,10,False,"(2,)",tanh,relu,0.9,0,0.001,0
0.13036985223465652,0.06612950097436283,MSE,batch,500,1e-05,10,10,False,"(2,)",tanh,relu,0.6,0.5,0.001,0.1
0.13045086158086056,0.0712498747822486,MSE,batch,500,1e-05,10,10,False,"(2,)",tanh,relu,0.7,0.3,0,0.5
0.1305420757740148,0.06800636722664213,MSE,batch,500,1e-05,10,10,False,"(2,)",tanh,relu,0.7,0.8,0.001,0
0.13072834445471163,0.07033745658176133,MSE,batch,500,1e-05,10,10,False,"(2,)",tanh,relu,0.7,0.9,0,0.1
0.1310608456257619,0.06877665316409277,MSE,batch,500,1e-05,10,10,False,"(2,)",tanh,relu,0.7,0.9,0.0001,0.5
0.13107954015558929,0.0724251319765068,MSE,batch,500,1e-05,10,10,False,"(2,)",tanh,relu,0.6,0.8,0,0
0.13113146081167285,0.0652493183883229,MSE,batch,500,1e-05,10,10,False,"(2,)",tanh,relu,0.5,0,0.001,0
0.13117162173624605,0.06590015992999866,MSE,batch,500,1e-05,10,10,False,"(2,)",tanh,relu,0.8,0.6,0,0.1
0.1312131444469932,0.06872070902308842,MSE,batch,500,1e-05,10,10,False,"(2,)",tanh,relu,0.7,0.9,0,0.5
0.1312503492172,0.06813248020728369,MSE,batch,500,1e-05,10,10,False,"(2,)",tanh,relu,0.5,0,0.0001,0.1
0.13126759366991553,0.0688853103032343,MSE,batch,500,1e-05,10,10,False,"(2,)",tanh,relu,0.7,0.9,0.001,0.9
0.1312915840587963,0.06787417363659497,MSE,batch,500,1e-05,10,10,False,"(2,)",tanh,relu,0.8,0.5,0,0.9
0.13152004808911802,0.06610990603005376,MSE,batch,500,1e-05,10,10,False,"(2,)",tanh,relu,0.7,0.6,0,0.5
0.1315300005050154,0.0685019520198526,MSE,batch,500,1e-05,10,10,False,"(2,)",tanh,relu,0.7,0.6,0.0001,0.5
0.1316148631847969,0.06806617740345336,MSE,batch,500,1e-05,10,10,False,"(2,)",tanh,relu,0.3,0.3,0.0001,0
0.1317217063609839,0.06530059048258413,MSE,batch,500,1e-05,10,10,False,"(2,)",tanh,relu,0.9,0.6,0.001,0.1
0.13174931201314855,0.06784709485761482,MSE,batch,500,1e-05,10,10,False,"(2,)",tanh,relu,0.9,0.3,0.001,0.1
0.13178878274566488,0.06922964293237811,MSE,batch,500,1e-05,10,10,False,"(2,)",tanh,relu,0.3,0.6,0.0001,0.1
0.1318018764868396,0.06521657618527411,MSE,batch,500,1e-05,10,10,False,"(2,)",tanh,relu,0.9,0.5,0.001,0.1
0.13184352947310948,0.0678583412234549,MSE,batch,500,1e-05,10,10,False,"(2,)",tanh,relu,0.4,0.8,0,0.9
0.13188611589641475,0.06524535023971226,MSE,batch,500,1e-05,10,10,False,"(2,)",tanh,relu,0.9,0.4,0.0001,0.9
0.13190818272708504,0.06587981335404514,MSE,batch,500,1e-05,10,10,False,"(2,)",tanh,relu,0.7,0.4,0.0001,0.1
0.13192296001704643,0.0661210871189456,MSE,batch,500,1e-05,10,10,False,"(2,)",tanh,relu,0.7,0.5,0.001,0.1
0.13195247880561203,0.0675091391532175,MSE,batch,500,1e-05,10,10,False,"(2,)",tanh,relu,0.3,0.3,0.001,0
0.13195834348556865,0.06570064234893404,MSE,batch,500,1e-05,10,10,False,"(2,)",tanh,relu,0.9,0.7,0,0.5
0.13206790241608587,0.06402017534006156,MSE,batch,500,1e-05,10,10,False,"(2,)",tanh,relu,0.4,0.7,0.0001,0.9
0.13210951867358076,0.06974126727974123,MSE,batch,500,1e-05,10,10,False,"(2,)",tanh,relu,0.7,0.9,0.0001,0.9
0.13216220666570228,0.07124508543229541,MSE,batch,500,1e-05,10,10,False,"(2,)",tanh,relu,0.9,0.5,0,0.9
0.13223169166766707,0.06670837024482269,MSE,batch,500,1e-05,10,10,False,"(2,)",tanh,relu,0.8,0.7,0.0001,0.5
0.13227902642191508,0.06965766106050646,MSE,batch,500,1e-05,10,10,False,"(2,)",tanh,relu,0.7,0.9,0,0.9
0.132480272029488,0.0649626082031027,MSE,batch,500,1e-05,10,10,False,"(2,)",tanh,relu,0.7,0.8,0.0001,0.9
0.13250771668210612,0.0658878573579761,MSE,batch,500,1e-05,10,10,False,"(2,)",tanh,relu,0.7,0.6,0.0001,0.9
0.1325195711698883,0.07414697737813311,MSE,batch,500,1e-05,10,10,False,"(2,)",tanh,relu,0.3,0.5,0,0
0.13252188475183468,0.06378083985311536,MSE,batch,500,1e-05,10,10,False,"(2,)",tanh,relu,0.5,0,0.0001,0
0.13258327156181907,0.06334870652850641,MSE,batch,500,1e-05,10,10,False,"(2,)",tanh,relu,0.5,0.5,0.001,0.1
0.1326173358445821,0.06653556070300276,MSE,batch,500,1e-05,10,10,False,"(2,)",tanh,relu,0.3,0.6,0.001,0.1
0.1327801886855929,0.0669521284391236,MSE,batch,500,1e-05,10,10,False,"(2,)",tanh,relu,0.3,0.7,0,0.5
0.1328655865991706,0.06541564825106579,MSE,batch,500,1e-05,10,10,False,"(2,)",tanh,relu,0.3,0.8,0.0001,0.5
0.1328677942343752,0.06397210556349033,MSE,batch,500,1e-05,10,10,False,"(2,)",tanh,relu,0.5,0,0,0
0.1331019501946427,0.06728584150960236,MSE,batch,500,1e-05,10,10,False,"(2,)",tanh,relu,0.4,0.6,0.001,0.1
0.13318213777900625,0.06541779433615381,MSE,batch,500,1e-05,10,10,False,"(2,)",tanh,relu,0.7,0.8,0,0.9
0.13324794581448027,0.06717159184294215,MSE,batch,500,1e-05,10,10,False,"(2,)",tanh,relu,0.8,0.9,0.0001,0.1
0.13329432479648673,0.0661268311174158,MSE,batch,500,1e-05,10,10,False,"(2,)",tanh,relu,0.3,0.4,0,0.1
0.1333692175271651,0.06532246880880577,MSE,batch,500,1e-05,10,10,False,"(2,)",tanh,relu,0.7,0.8,0,0.5
0.13343881354080847,0.07135795497920576,MSE,batch,500,1e-05,10,10,False,"(2,)",tanh,relu,0.8,0.5,0.0001,0
0.13360083646430868,0.0721898119698515,MSE,batch,500,1e-05,10,10,False,"(2,)",tanh,relu,0.3,0.4,0.001,0
0.133618790305943,0.06413674708162928,MSE,batch,500,1e-05,10,10,False,"(2,)",tanh,relu,0.6,0.5,0.0001,0.5
0.13376558465246693,0.06390272346410546,MSE,batch,500,1e-05,10,10,False,"(2,)",tanh,relu,0.6,0.5,0,0.5
0.13377282373692292,0.06343894266000877,MSE,batch,500,1e-05,10,10,False,"(2,)",tanh,relu,0.8,0.3,0,0
0.1339575606881893,0.06346066038287367,MSE,batch,500,1e-05,10,10,False,"(2,)",tanh,relu,0.8,0,0,0.1
0.1339800343936374,0.06527803922878092,MSE,batch,500,1e-05,10,10,False,"(2,)",tanh,relu,0.6,0,0.0001,0.1
0.13398178818049794,0.06220747449696741,MSE,batch,500,1e-05,10,10,False,"(2,)",tanh,relu,0.7,0.9,0.0001,0
0.13401788660000488,0.0652223513544122,MSE,batch,500,1e-05,10,10,False,"(2,)",tanh,relu,0.8,0.6,0,0.5
0.13408454584334276,0.06299487001643062,MSE,batch,500,1e-05,10,10,False,"(2,)",tanh,relu,0.8,0,0.001,0
0.1343830966610582,0.06666392277773958,MSE,batch,500,1e-05,10,10,False,"(2,)",tanh,relu,0.6,0.8,0,0.1
0.13440162012090756,0.065849314684661,MSE,batch,500,1e-05,10,10,False,"(2,)",tanh,relu,0.4,0.8,0.0001,0.9
0.13449924811899125,0.06729370228857158,MSE,batch,500,1e-05,10,10,False,"(2,)",tanh,relu,0.8,0.4,0,0.1
0.13452551327279103,0.06505511975148591,MSE,batch,500,1e-05,10,10,False,"(2,)",tanh,relu,0.8,0.7,0,0.9
0.1345573098727013,0.06305108422711526,MSE,batch,500,1e-05,10,10,False,"(2,)",tanh,relu,0.8,0,0.0001,0.1
0.13468119875556867,0.07824660862134744,MSE,batch,500,1e-05,10,10,False,"(2,)",tanh,relu,0.8,0.7,0,0
0.13471132954900178,0.06508983909603089,MSE,batch,500,1e-05,10,10,False,"(2,)",tanh,relu,0.7,0.8,0.001,0.5
0.13472208188705964,0.06231283206461539,MSE,batch,500,1e-05,10,10,False,"(2,)",tanh,relu,0.5,0.8,0.0001,0
0.13474454071855058,0.0642506711814414,MSE,batch,500,1e-05,10,10,False,"(2,)",tanh,relu,0.9,0.7,0.0001,0.9
0.13482842620657967,0.062263366850349076,MSE,batch,500,1e-05,10,10,False,"(2,)",tanh,relu,0.5,0.8,0.001,0
0.13489704348104167,0.06527653336328623,MSE,batch,500,1e-05,10,10,False,"(2,)",tanh,relu,0.5,0.6,0.001,0.1
0.13491326492903422,0.07851083887613375,MSE,batch,500,1e-05,10,10,False,"(2,)",tanh,relu,0.8,0.7,0.0001,0
0.13503203566450714,0.06198325029847568,MSE,batch,500,1e-05,10,10,False,"(2,)",tanh,relu,0.9,0.3,0.0001,0.5
0.13514550720497978,0.0682625522523917,MSE,batch,500,1e-05,10,10,False,"(2,)",tanh,relu,0.9,0.5,0.0001,0.9
0.1351575282817056,0.06448757290292306,MSE,batch,500,1e-05,10,10,False,"(2,)",tanh,relu,0.7,0.4,0,0.9
0.13522087774026456,0.061826331675625096,MSE,batch,500,1e-05,10,10,False,"(2,)",tanh,relu,0.7,0.9,0.001,0.1
0.13522468982835026,0.0623930315871223,MSE,batch,500,1e-05,10,10,False,"(2,)",tanh,relu,0.9,0.5,0,0.1
0.13531362632024893,0.06312941349388838,MSE,batch,500,1e-05,10,10,False,"(2,)",tanh,relu,0.5,0.7,0.001,0
0.1355108493820856,0.062277166347654234,MSE,batch,500,1e-05,10,10,False,"(2,)",tanh,relu,0.9,0.4,0.001,0.1
0.13551185477483207,0.06284939907669847,MSE,batch,500,1e-05,10,10,False,"(2,)",tanh,relu,0.9,0,0,0.5
0.1356313608320497,0.06264511252425936,MSE,batch,500,1e-05,10,10,False,"(2,)",tanh,relu,0.8,0.9,0.001,0
0.13574143778448958,0.06225346196588848,MSE,batch,500,1e-05,10,10,False,"(2,)",tanh,relu,0.7,0.7,0.0001,0.9
0.13580425642513863,0.06444127892167316,MSE,batch,500,1e-05,10,10,False,"(2,)",tanh,relu,0.6,0.7,0,0.1
0.13584162311192396,0.0618537332597767,MSE,batch,500,1e-05,10,10,False,"(2,)",tanh,relu,0.6,0.4,0,0.5
0.1358708314678036,0.06337399265412898,MSE,batch,500,1e-05,10,10,False,"(2,)",tanh,relu,0.8,0.6,0.0001,0.5
0.13598785877927672,0.06007033815763367,MSE,batch,500,1e-05,10,10,False,"(2,)",tanh,relu,0.9,0.7,0.001,0.9
0.13608766476750658,0.06225255934452252,MSE,batch,500,1e-05,10,10,False,"(2,)",tanh,relu,0.7,0.4,0.001,0.1
0.13622455906468148,0.061339544997300724,MSE,batch,500,1e-05,10,10,False,"(2,)",tanh,relu,0.5,0.8,0,0.1
0.13651268232434363,0.06377380501254985,MSE,batch,500,1e-05,10,10,False,"(2,)",tanh,relu,0.6,0.7,0.0001,0.1
0.13651593904495227,0.061909362362729335,MSE,batch,500,1e-05,10,10,False,"(2,)",tanh,relu,0.8,0.9,0.0001,0
0.1365941160232839,0.06131145988131154,MSE,batch,500,1e-05,10,10,False,"(2,)",tanh,relu,0.8,0.6,0.0001,0.1
0.13667302789651237,0.06082736301886018,MSE,batch,500,1e-05,10,10,False,"(2,)",tanh,relu,0.9,0.8,0.001,0.9
0.13705091303672404,0.06841209625076937,MSE,batch,500,1e-05,10,10,False,"(2,)",tanh,relu,0.3,0.5,0,0.1
0.13718009716992194,0.06435183088762139,MSE,batch,500,1e-05,10,10,False,"(2,)",tanh,relu,0.9,0.6,0.001,0.5
0.1372951286372738,0.06307900846368601,MSE,batch,500,1e-05,10,10,False,"(2,)",tanh,relu,0.4,0,0,0.1
0.13745735723894206,0.05983224177009128,MSE,batch,500,1e-05,10,10,False,"(2,)",tanh,relu,0.6,0.6,0.0001,0.5
0.13760714994636222,0.06295283292869626,MSE,batch,500,1e-05,10,10,False,"(2,)",tanh,relu,0.3,0.9,0.001,0.5
0.13761859804409401,0.060779848054259386,MSE,batch,500,1e-05,10,10,False,"(2,)",tanh,relu,0.5,0,0,0.1
0.13765456454549882,0.07591643227404565,MSE,batch,500,1e-05,10,10,False,"(2,)",tanh,relu,0.8,0.7,0.0001,0.1
0.13770883927108538,0.06230692823325219,MSE,batch,500,1e-05,10,10,False,"(2,)",tanh,relu,0.7,0.5,0,0.9
0.13804005278165005,0.0645920149229806,MSE,batch,500,1e-05,10,10,False,"(2,)",tanh,relu,0.5,0.9,0.0001,0.1
0.13808143804728695,0.06378122981448668,MSE,batch,500,1e-05,10,10,False,"(2,)",tanh,relu,0.7,0,0.001,0.1
0.13848670272262062,0.06181205497785458,MSE,batch,500,1e-05,10,10,False,"(2,)",tanh,relu,0.7,0.3,0.001,0.1
0.1388036618678194,0.06132561366756456,MSE,batch,500,1e-05,10,10,False,"(2,)",tanh,relu,0.3,0.8,0,0.9
0.1388187908963705,0.062121668607305815,MSE,batch,500,1e-05,10,10,False,"(2,)",tanh,relu,0.8,0.6,0.0001,0.9
0.13891292356857357,0.06287460120546016,MSE,batch,500,1e-05,10,10,False,"(2,)",tanh,relu,0.6,0.8,0,0.5
0.13901918277029798,0.06433310920738214,MSE,batch,500,1e-05,10,10,False,"(2,)",tanh,relu,0.5,0.9,0.001,0.1
0.13924904305565086,0.06220669494512789,MSE,batch,500,1e-05,10,10,False,"(2,)",tanh,relu,0.5,0.9,0,0.1
0.13987752703205422,0.06103952728522115,MSE,batch,500,1e-05,10,10,False,"(2,)",tanh,relu,0.3,0.4,0.0001,0.1
0.139881083742833,0.05920191080482047,MSE,batch,500,1e-05,10,10,False,"(2,)",tanh,relu,0.8,0.8,0.0001,0
0.1399497043730365,0.0622611406381191,MSE,batch,500,1e-05,10,10,False,"(2,)",tanh,relu,0.7,0.3,0,0.9
0.1402810203171467,0.07372439615629814,MSE,batch,500,1e-05,10,10,False,"(2,)",tanh,relu,0.8,0.8,0,0.5
0.14066709924500587,0.06363198480766086,MSE,batch,500,1e-05,10,10,False,"(2,)",tanh,relu,0.8,0.5,0,0.5
0.1406905931884635,0.0729405710068121,MSE,batch,500,1e-05,10,10,False,"(2,)",tanh,relu,0.8,0.8,0.0001,0.9
0.1411719050315164,0.059318932998833625,MSE,batch,500,1e-05,10,10,False,"(2,)",tanh,relu,0.5,0.5,0.0001,0.5
0.14128383547155035,0.06338220988498662,MSE,batch,500,1e-05,10,10,False,"(2,)",tanh,relu,0.8,0.5,0.0001,0.5
0.1417230940893662,0.05782533288033047,MSE,batch,500,1e-05,10,10,False,"(2,)",tanh,relu,0.6,0.4,0.0001,0.5
0.14185651349826442,0.0576724552077259,MSE,batch,500,1e-05,10,10,False,"(2,)",tanh,relu,0.8,0.3,0,0.5
0.1418597977418954,0.06002458765302712,MSE,batch,500,1e-05,10,10,False,"(2,)",tanh,relu,0.8,0.4,0.0001,0.5
0.14201816222117944,0.057671006718355934,MSE,batch,500,1e-05,10,10,False,"(2,)",tanh,relu,0.8,0.7,0.0001,0.9
0.142147291095873,0.056503738981825626,MSE,batch,500,1e-05,10,10,False,"(2,)",tanh,relu,0.4,0.9,0.001,0.9
0.14226389940244208,0.05860282633076498,MSE,batch,500,1e-05,10,10,False,"(2,)",tanh,relu,0.8,0.9,0.0001,0.5
0.14229348906167058,0.06207168440912569,MSE,batch,500,1e-05,10,10,False,"(2,)",tanh,relu,0.5,0.9,0.001,0.9
0.14260944562801,0.06149738672167089,MSE,batch,500,1e-05,10,10,False,"(2,)",tanh,relu,0.8,0.9,0,0.5
0.14261125073551936,0.05937717688174648,MSE,batch,500,1e-05,10,10,False,"(2,)",tanh,relu,0.4,0,0.0001,0.1
0.14285083858539574,0.05887419599639503,MSE,batch,500,1e-05,10,10,False,"(2,)",tanh,relu,0.3,0.3,0.0001,0.1
0.14299142825564426,0.06126074500609628,MSE,batch,500,1e-05,10,10,False,"(2,)",tanh,relu,0.6,0.3,0,0
0.14326102248637154,0.056737321516188946,MSE,batch,500,1e-05,10,10,False,"(2,)",tanh,relu,0.9,0.3,0,0.9
0.14370142228242547,0.05615935563203811,MSE,batch,500,1e-05,10,10,False,"(2,)",tanh,relu,0.5,0.8,0,0.5
0.14389784998556682,0.05866145285856252,MSE,batch,500,1e-05,10,10,False,"(2,)",tanh,relu,0.7,0.5,0,0.5
0.1447387294643356,0.05890378429420276,MSE,batch,500,1e-05,10,10,False,"(2,)",tanh,relu,0.6,0.7,0,0.9
0.14494915417853071,0.05764014767424752,MSE,batch,500,1e-05,10,10,False,"(2,)",tanh,relu,0.4,0.3,0.001,0.1
0.14501799834753606,0.05947712826578601,MSE,batch,500,1e-05,10,10,False,"(2,)",tanh,relu,0.5,0.7,0,0.9
0.14539805921352703,0.05622705329962485,MSE,batch,500,1e-05,10,10,False,"(2,)",tanh,relu,0.9,0.3,0.0001,0.9
0.14565654191879354,0.060332972323963535,MSE,batch,500,1e-05,10,10,False,"(2,)",tanh,relu,0.6,0,0,0.1
0.14642785816314233,0.062128605379438546,MSE,batch,500,1e-05,10,10,False,"(2,)",tanh,relu,0.5,0.8,0.001,0.1
0.1464929474652601,0.061487593422620876,MSE,batch,500,1e-05,10,10,False,"(2,)",tanh,relu,0.5,0.9,0,0.5
0.14665712852031157,0.056664233834272146,MSE,batch,500,1e-05,10,10,False,"(2,)",tanh,relu,0.8,0.7,0.001,0.5
0.1467214917662478,0.056107797388792395,MSE,batch,500,1e-05,10,10,False,"(2,)",tanh,relu,0.4,0.5,0.001,0.1
0.14694381922252267,0.06084443171863236,MSE,batch,500,1e-05,10,10,False,"(2,)",tanh,relu,0.5,0.9,0.0001,0.5
0.147195407101813,0.054696886917112233,MSE,batch,500,1e-05,10,10,False,"(2,)",tanh,relu,0.8,0,0.001,0.1
0.14741237127535678,0.05374078590649201,MSE,batch,500,1e-05,10,10,False,"(2,)",tanh,relu,0.8,0.3,0.0001,0.5
0.1476898130458298,0.052796328777541215,MSE,batch,500,1e-05,10,10,False,"(2,)",tanh,relu,0.5,0.8,0.0001,0.5
0.14776048478775716,0.05663069456883596,MSE,batch,500,1e-05,10,10,False,"(2,)",tanh,relu,0.6,0.7,0.0001,0.9
0.14780585778962002,0.0558236636450394,MSE,batch,500,1e-05,10,10,False,"(2,)",tanh,relu,0.7,0.5,0.0001,0.5
0.14788308662339048,0.05479198521572756,MSE,batch,500,1e-05,10,10,False,"(2,)",tanh,relu,0.7,0.8,0.001,0.9
0.14818026999444486,0.06141856638416851,MSE,batch,500,1e-05,10,10,False,"(2,)",tanh,relu,0.6,0,0.0001,0
0.1482339517277945,0.05233660938216467,MSE,batch,500,1e-05,10,10,False,"(2,)",tanh,relu,0.5,0.8,0.0001,0.9
0.14830511630343515,0.0608905003147006,MSE,batch,500,1e-05,10,10,False,"(2,)",tanh,relu,0.5,0.9,0.001,0.5
0.14845045339880877,0.05434074360109347,MSE,batch,500,1e-05,10,10,False,"(2,)",tanh,relu,0.8,0.3,0.001,0.1
0.14849595293944542,0.051874426863302514,MSE,batch,500,1e-05,10,10,False,"(2,)",tanh,relu,0.9,0.5,0.001,0.5
0.14898935154452464,0.05627059754755034,MSE,batch,500,1e-05,10,10,False,"(2,)",tanh,relu,0.5,0.6,0.0001,0.5
0.14901469071242493,0.05634898365070093,MSE,batch,500,1e-05,10,10,False,"(2,)",tanh,relu,0.5,0.7,0.0001,0.9
0.14929331036159685,0.05665765480777662,MSE,batch,500,1e-05,10,10,False,"(2,)",tanh,relu,0.5,0.4,0.001,0.1
0.14933648295391758,0.053795663716395485,MSE,batch,500,1e-05,10,10,False,"(2,)",tanh,relu,0.7,0.4,0.0001,0.5
0.1493408405906872,0.052734443256175864,MSE,batch,500,1e-05,10,10,False,"(2,)",tanh,relu,0.7,0.3,0.0001,0.5
0.14944993907610596,0.050654319092532166,MSE,batch,500,1e-05,10,10,False,"(2,)",tanh,relu,0.6,0.6,0.0001,0.9
0.14982280991465313,0.05328900518976617,MSE,batch,500,1e-05,10,10,False,"(2,)",tanh,relu,0.5,0.3,0.001,0.1
0.15056854674659706,0.053312825398711905,MSE,batch,500,1e-05,10,10,False,"(2,)",tanh,relu,0.6,0.8,0.001,0.9
0.15060752604278335,0.05223638441857139,MSE,batch,500,1e-05,10,10,False,"(2,)",tanh,relu,0.4,0.7,0.001,0.5
0.15082040412359174,0.056766772877619685,MSE,batch,500,1e-05,10,10,False,"(2,)",tanh,relu,0.9,0,0.0001,0.5
0.15090386517695517,0.05469117281081207,MSE,batch,500,1e-05,10,10,False,"(2,)",tanh,relu,0.3,0.7,0.0001,0.5
0.1516523888090555,0.052142277901168106,MSE,batch,500,1e-05,10,10,False,"(2,)",tanh,relu,0.4,0.6,0,0.5
0.15268877801001782,0.050429550451631486,MSE,batch,500,1e-05,10,10,False,"(2,)",tanh,relu,0.8,0.7,0.001,0.9
0.15271897784644525,0.05628522265421002,MSE,batch,500,1e-05,10,10,False,"(2,)",tanh,relu,0.5,0,0.001,0.1
0.15273631624876458,0.05019556584038458,MSE,batch,500,1e-05,10,10,False,"(2,)",tanh,relu,0.8,0.4,0,0.9
0.15376170245163948,0.047501357019215006,MSE,batch,500,1e-05,10,10,False,"(2,)",tanh,relu,0.9,0.6,0.001,0.9
0.1538438886976894,0.04915018271174158,MSE,batch,500,1e-05,10,10,False,"(2,)",tanh,relu,0.6,0.6,0,0.9
0.1540530707633896,0.053936419341628385,MSE,batch,500,1e-05,10,10,False,"(2,)",tanh,relu,0.3,0.5,0.001,0.1
0.15406674488684838,0.04874597092701107,MSE,batch,500,1e-05,10,10,False,"(2,)",tanh,relu,0.4,0.4,0.001,0.1
0.15432253730388545,0.04768280249521259,MSE,batch,500,1e-05,10,10,False,"(2,)",tanh,relu,0.5,0.8,0.001,0.5
0.15451298234159555,0.05522617685443627,MSE,batch,500,1e-05,10,10,False,"(2,)",tanh,relu,0.8,0.8,0.001,0.9
0.1546006136654987,0.051560841143466866,MSE,batch,500,1e-05,10,10,False,"(2,)",tanh,relu,0.5,0.7,0.001,0.9
0.15497424031982826,0.053794447987172964,MSE,batch,500,1e-05,10,10,False,"(2,)",tanh,relu,0.3,0.9,0.001,0.9
0.15550269322581248,0.05026981364488694,MSE,batch,500,1e-05,10,10,False,"(2,)",tanh,relu,0.5,0.8,0.001,0.9
0.156390693525589,0.050686870440690646,MSE,batch,500,1e-05,10,10,False,"(2,)",tanh,relu,0.8,0.9,0,0.9
0.1564164528968889,0.05306069902036389,MSE,batch,500,1e-05,10,10,False,"(2,)",tanh,relu,0.8,0,0,0.5
0.1565520398868576,0.05058747791762462,MSE,batch,500,1e-05,10,10,False,"(2,)",tanh,relu,0.7,0,0.0001,0.5
0.15663744732986415,0.048174052857910155,MSE,batch,500,1e-05,10,10,False,"(2,)",tanh,relu,0.5,0.7,0.001,0.5
0.15699422881695504,0.04685894182666299,MSE,batch,500,1e-05,10,10,False,"(2,)",tanh,relu,0.8,0.6,0.001,0.5
0.15708113529685205,0.04916937101755317,MSE,batch,500,1e-05,10,10,False,"(2,)",tanh,relu,0.4,0.6,0.0001,0.5
0.1570846155352075,0.04978007407622419,MSE,batch,500,1e-05,10,10,False,"(2,)",tanh,relu,0.5,0.5,0,0.5
0.15905194230613987,0.04682380176822846,MSE,batch,500,1e-05,10,10,False,"(2,)",tanh,relu,0.3,0.4,0.001,0.1
0.15931871902547365,0.044317897486998915,MSE,batch,500,1e-05,10,10,False,"(2,)",tanh,relu,0.6,0.5,0.0001,0.9
0.15940985911940816,0.04928811049660157,MSE,batch,500,1e-05,10,10,False,"(2,)",tanh,relu,0.6,0,0.001,0.1
0.15946250242762297,0.04537242069501194,MSE,batch,500,1e-05,10,10,False,"(2,)",tanh,relu,0.7,0.7,0.001,0.5
0.15979244426069295,0.044900667277680904,MSE,batch,500,1e-05,10,10,False,"(2,)",tanh,relu,0.6,0.5,0,0.9
0.16025491888849228,0.04937678854147939,MSE,batch,500,1e-05,10,10,False,"(2,)",tanh,relu,0.5,0.5,0,0.9
0.16077044379652672,0.049486157337598605,MSE,batch,500,1e-05,10,10,False,"(2,)",tanh,relu,0.7,0.3,0.001,0.5
0.16112956544616958,0.04434140832379685,MSE,batch,500,1e-05,10,10,False,"(2,)",tanh,relu,0.4,0.8,0.001,0.5
0.16119663042631435,0.04500889577973152,MSE,batch,500,1e-05,10,10,False,"(2,)",tanh,relu,0.8,0,0.0001,0.5
0.1620873427489142,0.0458377087284099,MSE,batch,500,1e-05,10,10,False,"(2,)",tanh,relu,0.3,0,0,0.1
0.16268017648500985,0.044844273885895146,MSE,batch,500,1e-05,10,10,False,"(2,)",tanh,relu,0.7,0.5,0.001,0.5
0.1627655878824069,0.050451702152451934,MSE,batch,500,1e-05,10,10,False,"(2,)",tanh,relu,0.4,0.7,0,0.9
0.16323870728784248,0.04280177988755817,MSE,batch,500,1e-05,10,10,False,"(2,)",tanh,relu,0.8,0.3,0.0001,0.9
0.1640768272760771,0.04396390789359514,MSE,batch,500,1e-05,10,10,False,"(2,)",tanh,relu,0.3,0.8,0.001,0.5
0.1641530011230252,0.043915279359917424,MSE,batch,500,1e-05,10,10,False,"(2,)",tanh,relu,0.6,0.7,0.001,0.9
0.16419331769717868,0.050680547220652024,MSE,batch,500,1e-05,10,10,False,"(2,)",tanh,relu,0.3,0.8,0.0001,0.9
0.16426080731986062,0.04888044212378545,MSE,batch,500,1e-05,10,10,False,"(2,)",tanh,relu,0.9,0.4,0,0.9
0.16445480541392188,0.04194910974463837,MSE,batch,500,1e-05,10,10,False,"(2,)",tanh,relu,0.5,0.3,0.0001,0.5
0.16485993615015027,0.04133589483322863,MSE,batch,500,1e-05,10,10,False,"(2,)",tanh,relu,0.9,0.4,0.001,0.9
0.16574888783496433,0.043469279475233845,MSE,batch,500,1e-05,10,10,False,"(2,)",tanh,relu,0.8,0.6,0.001,0.9
0.16591477662450996,0.04061854213858103,MSE,batch,500,1e-05,10,10,False,"(2,)",tanh,relu,0.8,0.4,0.001,0.5
0.16611012187091576,0.041726342007201524,MSE,batch,500,1e-05,10,10,False,"(2,)",tanh,relu,0.7,0.7,0.001,0.9
0.1661720337586774,0.041320674562155726,MSE,batch,500,1e-05,10,10,False,"(2,)",tanh,relu,0.9,0.4,0.001,0.5
0.1663467459235963,0.03929948423520849,MSE,batch,500,1e-05,10,10,False,"(2,)",tanh,relu,0.6,0.5,0.001,0.5
0.1672579199274745,0.04102117792365052,MSE,batch,500,1e-05,10,10,False,"(2,)",tanh,relu,0.3,0.3,0.001,0.1
0.16766696033568995,0.046687845122265474,MSE,batch,500,1e-05,10,10,False,"(2,)",tanh,relu,0.6,0.3,0.0001,0.5
0.16820015155721624,0.04151695627679697,MSE,batch,500,1e-05,10,10,False,"(2,)",tanh,relu,0.6,0.3,0,0.5
0.16923835231616122,0.03964997809410637,MSE,batch,500,1e-05,10,10,False,"(2,)",tanh,relu,0.9,0.3,0.001,0.5
0.17022135403383887,0.04016091088940789,MSE,batch,500,1e-05,10,10,False,"(2,)",tanh,relu,0.8,0.5,0.0001,0.9
0.17063646241285388,0.04000684607825708,MSE,batch,500,1e-05,10,10,False,"(2,)",tanh,relu,0.6,0.7,0.001,0.5
0.1717232364577653,0.04065492522269846,MSE,batch,500,1e-05,10,10,False,"(2,)",tanh,relu,0.4,0,0.001,0.1
0.172453561675501,0.039479357182694505,MSE,batch,500,1e-05,10,10,False,"(2,)",tanh,relu,0.6,0.6,0.001,0.5
0.17279824037856548,0.03674156287616073,MSE,batch,500,1e-05,10,10,False,"(2,)",tanh,relu,0.7,0.5,0.0001,0.9
0.1740017919724375,0.03556927235998733,MSE,batch,500,1e-05,10,10,False,"(2,)",tanh,relu,0.9,0.5,0.001,0.9
0.17408971307496102,0.036000940584281854,MSE,batch,500,1e-05,10,10,False,"(2,)",tanh,relu,0.7,0.4,0.0001,0.9
0.1745614235556393,0.03545962390212562,MSE,batch,500,1e-05,10,10,False,"(2,)",tanh,relu,0.7,0.3,0.0001,0.9
0.17468082703814033,0.03633996954346473,MSE,batch,500,1e-05,10,10,False,"(2,)",tanh,relu,0.4,0.6,0.001,0.5
0.17485275622567822,0.03517359983243162,MSE,batch,500,1e-05,10,10,False,"(2,)",tanh,relu,0.7,0,0,0.5
0.17516087183984644,0.03271287450199938,MSE,batch,500,1e-05,10,10,False,"(2,)",tanh,relu,0.6,0.4,0.001,0.5
0.17516862291302096,0.0354712050829137,MSE,batch,500,1e-05,10,10,False,"(2,)",tanh,relu,0.8,0.5,0.001,0.5
0.17519544768132922,0.03396500919349024,MSE,batch,500,1e-05,10,10,False,"(2,)",tanh,relu,0.3,0,0.0001,0.1
0.17548727774177222,0.04574722945371018,MSE,batch,500,1e-05,10,10,False,"(2,)",tanh,relu,0.4,0.4,0,0.5
0.17576478054272862,0.041073360180769104,MSE,batch,500,1e-05,10,10,False,"(2,)",tanh,relu,0.6,0,0,0.5
0.17651832109477436,0.03277093471475346,MSE,batch,500,1e-05,10,10,False,"(2,)",tanh,relu,0.4,0.8,0.001,0.9
0.17688104841392538,0.03317330395114608,MSE,batch,500,1e-05,10,10,False,"(2,)",tanh,relu,0.4,0.6,0.0001,0.9
0.17710248141249837,0.03375904665080438,MSE,batch,500,1e-05,10,10,False,"(2,)",tanh,relu,0.7,0.6,0.001,0.5
0.178301320556457,0.03787283497280917,MSE,batch,500,1e-05,10,10,False,"(2,)",tanh,relu,0.5,0.6,0.001,0.5
0.17847916176512355,0.032448966932507775,MSE,batch,500,1e-05,10,10,False,"(2,)",tanh,relu,0.4,0.6,0,0.9
0.17872675480447084,0.041742551025146936,MSE,batch,500,1e-05,10,10,False,"(2,)",tanh,relu,0.3,0.6,0,0.5
0.17890733651366195,0.033889679208331885,MSE,batch,500,1e-05,10,10,False,"(2,)",tanh,relu,0.3,0,0.001,0.1
0.1789223654575686,0.03522796994248585,MSE,batch,500,1e-05,10,10,False,"(2,)",tanh,relu,0.8,0.4,0.0001,0.9
0.17915435546556002,0.03463973191338127,MSE,batch,500,1e-05,10,10,False,"(2,)",tanh,relu,0.7,0,0.001,0.5
0.17971298799135874,0.04048690965630082,MSE,batch,500,1e-05,10,10,False,"(2,)",tanh,relu,0.4,0.4,0.0001,0.5
0.17995739130071,0.038149943412415246,MSE,batch,500,1e-05,10,10,False,"(2,)",tanh,relu,0.3,0.6,0.0001,0.5
0.1800260120997816,0.03442805121583489,MSE,batch,500,1e-05,10,10,False,"(2,)",tanh,relu,0.8,0,0,0.9
0.18007651796603905,0.03366768583533979,MSE,batch,500,1e-05,10,10,False,"(2,)",tanh,relu,0.5,0.3,0,0.5
0.18020615906671753,0.036858986105322775,MSE,batch,500,1e-05,10,10,False,"(2,)",tanh,relu,0.7,0.3,0.001,0.9
0.18070954358545108,0.036501080701542545,MSE,batch,500,1e-05,10,10,False,"(2,)",tanh,relu,0.6,0.3,0.0001,0.9
0.1807375946401748,0.03433338001904382,MSE,batch,500,1e-05,10,10,False,"(2,)",tanh,relu,0.3,0.8,0.001,0.9
0.1809990046988268,0.03180419913704377,MSE,batch,500,1e-05,10,10,False,"(2,)",tanh,relu,0.5,0.6,0,0.9
0.1815466966039144,0.031159879427759947,MSE,batch,500,1e-05,10,10,False,"(2,)",tanh,relu,0.5,0.6,0.0001,0.9
0.18158705185443924,0.031425297815836084,MSE,batch,500,1e-05,10,10,False,"(2,)",tanh,relu,0.8,0.3,0.001,0.5
0.1830812658624205,0.027610383466321334,MSE,batch,500,1e-05,10,10,False,"(2,)",tanh,relu,0.5,0.5,0.001,0.5
0.18319542956224075,0.029360275368129754,MSE,batch,500,1e-05,10,10,False,"(2,)",tanh,relu,0.6,0.3,0,0.9
0.183407615339217,0.033254678809532395,MSE,batch,500,1e-05,10,10,False,"(2,)",tanh,relu,0.9,0,0.001,0.5
0.1846707653280074,0.02878940041996894,MSE,batch,500,1e-05,10,10,False,"(2,)",tanh,relu,0.7,0,0,0.9
0.18489387641701058,0.03033182150564761,MSE,batch,500,1e-05,10,10,False,"(2,)",tanh,relu,0.5,0.3,0,0.9
0.18506062989444463,0.026999736257443237,MSE,batch,500,1e-05,10,10,False,"(2,)",tanh,relu,0.6,0.4,0.0001,0.9
0.1851868884362385,0.028005468045126797,MSE,batch,500,1e-05,10,10,False,"(2,)",tanh,relu,0.3,0.5,0,0.5
0.1852585829356035,0.028913125036506282,MSE,batch,500,1e-05,10,10,False,"(2,)",tanh,relu,0.5,0.4,0,0.9
0.18547998917792619,0.030323143948933505,MSE,batch,500,1e-05,10,10,False,"(2,)",tanh,relu,0.3,0.7,0.001,0.5
0.185523562572701,0.027308073230600166,MSE,batch,500,1e-05,10,10,False,"(2,)",tanh,relu,0.9,0,0.0001,0.9
0.18614828881700016,0.026178697245839724,MSE,batch,500,1e-05,10,10,False,"(2,)",tanh,relu,0.4,0.5,0,0.5
0.1865037197023268,0.034437119780821965,MSE,batch,500,1e-05,10,10,False,"(2,)",tanh,relu,0.6,0,0.0001,0.5
0.1866943244288816,0.02800945105039603,MSE,batch,500,1e-05,10,10,False,"(2,)",tanh,relu,0.4,0.7,0.001,0.9
0.18681758037623855,0.031127431950406428,MSE,batch,500,1e-05,10,10,False,"(2,)",tanh,relu,0.9,0.3,0.001,0.9
0.18683214306780493,0.026215090539078875,MSE,batch,500,1e-05,10,10,False,"(2,)",tanh,relu,0.8,0,0.001,0.5
0.18778448360390496,0.027332443631385928,MSE,batch,500,1e-05,10,10,False,"(2,)",tanh,relu,0.3,0.7,0,0.9
0.18791880813731576,0.04334442848405949,MSE,batch,500,1e-05,10,10,False,"(2,)",tanh,relu,0.6,0,0,0.9
0.18811987368720873,0.02617854109385708,MSE,batch,500,1e-05,10,10,False,"(2,)",tanh,relu,0.7,0,0.0001,0.9
0.18820047125956907,0.026876942810902617,MSE,batch,500,1e-05,10,10,False,"(2,)",tanh,relu,0.3,0.7,0.0001,0.9
0.1883151150818683,0.024561314855313997,MSE,batch,500,1e-05,10,10,False,"(2,)",tanh,relu,0.4,0.5,0,0.9
0.18856773805617133,0.025132507109600043,MSE,batch,500,1e-05,10,10,False,"(2,)",tanh,relu,0.7,0.6,0.001,0.9
0.1887557777556564,0.028373610240888202,MSE,batch,500,1e-05,10,10,False,"(2,)",tanh,relu,0.3,0.3,0,0.5
0.18890712918037744,0.024732651986128572,MSE,batch,500,1e-05,10,10,False,"(2,)",tanh,relu,0.5,0.4,0,0.5
0.18912993507933726,0.023928366648458595,MSE,batch,500,1e-05,10,10,False,"(2,)",tanh,relu,0.4,0.5,0.0001,0.5
0.18950844775107248,0.028071019680627255,MSE,batch,500,1e-05,10,10,False,"(2,)",tanh,relu,0.8,0.3,0,0.9
0.18972136035591478,0.026630341813557664,MSE,batch,500,1e-05,10,10,False,"(2,)",tanh,relu,0.3,0.6,0.001,0.5
0.19124774895717564,0.02510202955493475,MSE,batch,500,1e-05,10,10,False,"(2,)",tanh,relu,0.3,0.5,0.0001,0.5
0.19218569784004566,0.02496699874949223,MSE,batch,500,1e-05,10,10,False,"(2,)",tanh,relu,0.5,0.4,0.0001,0.5
0.19222355621715495,0.028098101931323165,MSE,batch,500,1e-05,10,10,False,"(2,)",tanh,relu,0.7,0.4,0.001,0.5
0.19258594700982745,0.025074013403594927,MSE,batch,500,1e-05,10,10,False,"(2,)",tanh,relu,0.8,0.3,0.001,0.9
0.19282614551281174,0.021962702222118234,MSE,batch,500,1e-05,10,10,False,"(2,)",tanh,relu,0.6,0.6,0.001,0.9
0.19292188399484603,0.019382985206446362,MSE,batch,500,1e-05,10,10,False,"(2,)",tanh,relu,0.5,0,0,0.5
0.19328944854264216,0.023527796871009077,MSE,batch,500,1e-05,10,10,False,"(2,)",tanh,relu,0.4,0.6,0.001,0.9
0.19338779665617103,0.0237477922901577,MSE,batch,500,1e-05,10,10,False,"(2,)",tanh,relu,0.6,0.3,0.001,0.5
0.19435003756013083,0.020911539913963245,MSE,batch,500,1e-05,10,10,False,"(2,)",tanh,relu,0.9,0,0,0.9
0.19478428028340086,0.029576806121721696,MSE,batch,500,1e-05,10,10,False,"(2,)",tanh,relu,0.4,0.3,0,0.5
0.19503291322700553,0.02494193147114428,MSE,batch,500,1e-05,10,10,False,"(2,)",tanh,relu,0.4,0.5,0.001,0.5
0.1956188603952895,0.020241642326328215,MSE,batch,500,1e-05,10,10,False,"(2,)",tanh,relu,0.5,0.4,0.0001,0.9
0.1957503178626533,0.02329037170011541,MSE,batch,500,1e-05,10,10,False,"(2,)",tanh,relu,0.5,0.5,0.0001,0.9
0.19595935329810998,0.022291297466090182,MSE,batch,500,1e-05,10,10,False,"(2,)",tanh,relu,0.4,0.4,0,0.9
0.19633718109640066,0.018285207464400616,MSE,batch,500,1e-05,10,10,False,"(2,)",tanh,relu,0.4,0.5,0.0001,0.9
0.19634288360384886,0.02634061360615228,MSE,batch,500,1e-05,10,10,False,"(2,)",tanh,relu,0.5,0.6,0.001,0.9
0.19657532784001722,0.02195931040836153,MSE,batch,500,1e-05,10,10,False,"(2,)",tanh,relu,0.3,0.5,0.001,0.5
0.19667105929098008,0.023930493216421354,MSE,batch,500,1e-05,10,10,False,"(2,)",tanh,relu,0.3,0.6,0,0.9
0.19676902093040116,0.020906437526995617,MSE,batch,500,1e-05,10,10,False,"(2,)",tanh,relu,0.8,0.5,0.001,0.9
0.19694137768832207,0.022590603162086297,MSE,batch,500,1e-05,10,10,False,"(2,)",tanh,relu,0.5,0.3,0.0001,0.9
0.1976801294696251,0.02269940692909597,MSE,batch,500,1e-05,10,10,False,"(2,)",tanh,relu,0.4,0.4,0.0001,0.9
0.19774503156869025,0.019820651055174734,MSE,batch,500,1e-05,10,10,False,"(2,)",tanh,relu,0.8,0,0.0001,0.9
0.19782274464445213,0.022851516803507176,MSE,batch,500,1e-05,10,10,False,"(2,)",tanh,relu,0.3,0.5,0.0001,0.9
0.19869072428050125,0.020767690433434925,MSE,batch,500,1e-05,10,10,False,"(2,)",tanh,relu,0.7,0,0.001,0.9
0.19875709628302654,0.03531115307062231,MSE,batch,500,1e-05,10,10,False,"(2,)",tanh,relu,0.5,0.5,0.001,0.9
0.19956864529613427,0.01691674646670148,MSE,batch,500,1e-05,10,10,False,"(2,)",tanh,relu,0.3,0.5,0,0.9
0.19995213319152358,0.020907352776004837,MSE,batch,500,1e-05,10,10,False,"(2,)",tanh,relu,0.4,0.3,0.0001,0.9
0.2007538302424702,0.02123555090690708,MSE,batch,500,1e-05,10,10,False,"(2,)",tanh,relu,0.3,0.6,0.0001,0.9
0.20099149714619527,0.017053366537831918,MSE,batch,500,1e-05,10,10,False,"(2,)",tanh,relu,0.6,0.4,0.001,0.9
0.20151358998847688,0.01869990726344124,MSE,batch,500,1e-05,10,10,False,"(2,)",tanh,relu,0.6,0,0.0001,0.9
0.20198020525464475,0.01694940011104316,MSE,batch,500,1e-05,10,10,False,"(2,)",tanh,relu,0.7,0.5,0.001,0.9
0.2026540248730764,0.020191789501909568,MSE,batch,500,1e-05,10,10,False,"(2,)",tanh,relu,0.3,0.3,0,0.9
0.20271857007890204,0.014336124531813866,MSE,batch,500,1e-05,10,10,False,"(2,)",tanh,relu,0.6,0.5,0.001,0.9
0.2031071539339211,0.02936575242737819,MSE,batch,500,1e-05,10,10,False,"(2,)",tanh,relu,0.4,0.3,0,0.9
0.2045435511241941,0.018407725502688342,MSE,batch,500,1e-05,10,10,False,"(2,)",tanh,relu,0.4,0,0,0.5
0.2050185199851026,0.013518495174659598,MSE,batch,500,1e-05,10,10,False,"(2,)",tanh,relu,0.4,0.4,0.001,0.5
0.20507391265054054,0.01400107094275066,MSE,batch,500,1e-05,10,10,False,"(2,)",tanh,relu,0.4,0.3,0.0001,0.5
0.20547494588480866,0.02427462123599379,MSE,batch,500,1e-05,10,10,False,"(2,)",tanh,relu,0.6,0.4,0,0.9
0.2056804972799725,0.014496549832129337,MSE,batch,500,1e-05,10,10,False,"(2,)",tanh,relu,0.5,0.3,0.001,0.5
0.2061959371826133,0.013632490364909931,MSE,batch,500,1e-05,10,10,False,"(2,)",tanh,relu,0.7,0.4,0.001,0.9
0.20694040041724046,0.014882912996414751,MSE,batch,500,1e-05,10,10,False,"(2,)",tanh,relu,0.8,0.4,0.001,0.9
0.20707289500195267,0.013067401472656583,MSE,batch,500,1e-05,10,10,False,"(2,)",tanh,relu,0.5,0,0.0001,0.5
0.20723713446457048,0.013836928881062055,MSE,batch,500,1e-05,10,10,False,"(2,)",tanh,relu,0.5,0,0.001,0.5
0.20723812889866747,0.014912744886160432,MSE,batch,500,1e-05,10,10,False,"(2,)",tanh,relu,0.4,0.3,0.001,0.5
0.2073658149607713,0.01195561364227485,MSE,batch,500,1e-05,10,10,False,"(2,)",tanh,relu,0.5,0,0,0.9
0.20738846070586373,0.014317799612648372,MSE,batch,500,1e-05,10,10,False,"(2,)",tanh,relu,0.5,0.4,0.001,0.5
0.20780469722665926,0.011685599632024505,MSE,batch,500,1e-05,10,10,False,"(2,)",tanh,relu,0.3,0.3,0.0001,0.5
0.208072580104539,0.015428400815006394,MSE,batch,500,1e-05,10,10,False,"(2,)",tanh,relu,0.4,0,0.0001,0.5
0.20810749748252796,0.012645275574347107,MSE,batch,500,1e-05,10,10,False,"(2,)",tanh,relu,0.3,0.7,0.001,0.9
0.208294176079353,0.011019613959177384,MSE,batch,500,1e-05,10,10,False,"(2,)",tanh,relu,0.9,0,0.001,0.9
0.20922303543078136,0.01012490232330543,MSE,batch,500,1e-05,10,10,False,"(2,)",tanh,relu,0.5,0,0.0001,0.9
0.2097914101354912,0.014752867798777245,MSE,batch,500,1e-05,10,10,False,"(2,)",tanh,relu,0.3,0.5,0.001,0.9
0.21266712422210252,0.013534421638580001,MSE,batch,500,1e-05,10,10,False,"(2,)",tanh,relu,0.6,0.3,0.001,0.9
0.21318717636471152,0.014793743435910774,MSE,batch,500,1e-05,10,10,False,"(2,)",tanh,relu,0.3,0.4,0,0.5
0.21365806462465012,0.008540412744862447,MSE,batch,500,1e-05,10,10,False,"(2,)",tanh,relu,0.3,0.3,0.0001,0.9
0.21378388152759328,0.011720896082360897,MSE,batch,500,1e-05,10,10,False,"(2,)",tanh,relu,0.6,0,0.001,0.5
0.21402292759044816,0.011652073831342879,MSE,batch,500,1e-05,10,10,False,"(2,)",tanh,relu,0.3,0.4,0.001,0.5
0.21483637771010136,0.008729487989298571,MSE,batch,500,1e-05,10,10,False,"(2,)",tanh,relu,0.3,0.6,0.001,0.9
0.21497423795341664,0.011601940624630032,MSE,batch,500,1e-05,10,10,False,"(2,)",tanh,relu,0.3,0.4,0.0001,0.5
0.21669367293594952,0.012122828820328271,MSE,batch,500,1e-05,10,10,False,"(2,)",tanh,relu,0.4,0,0,0.9
0.21825907284114013,0.011516932401523797,MSE,batch,500,1e-05,10,10,False,"(2,)",tanh,relu,0.6,0,0.001,0.9
0.21900820251119557,0.005798751425264903,MSE,batch,500,1e-05,10,10,False,"(2,)",tanh,relu,0.5,0,0.001,0.9
0.21906283897623155,0.010124182764810722,MSE,batch,500,1e-05,10,10,False,"(2,)",tanh,relu,0.4,0,0.0001,0.9
0.2191021600928235,0.008666262607476076,MSE,batch,500,1e-05,10,10,False,"(2,)",tanh,relu,0.4,0.3,0.001,0.9
0.21985153598820614,0.007904961485286171,MSE,batch,500,1e-05,10,10,False,"(2,)",tanh,relu,0.3,0.4,0,0.9
0.2202354344979971,0.005212959977917179,MSE,batch,500,1e-05,10,10,False,"(2,)",tanh,relu,0.3,0.4,0.0001,0.9
0.2207218622344523,0.0037237678492073206,MSE,batch,500,1e-05,10,10,False,"(2,)",tanh,relu,0.3,0.3,0.001,0.5
0.2207896407501847,0.0018289390980738653,MSE,batch,500,1e-05,10,10,False,"(2,)",tanh,relu,0.5,0.4,0.001,0.9
0.2212988918433257,0.005721515138394576,MSE,batch,500,1e-05,10,10,False,"(2,)",tanh,relu,0.5,0.3,0.001,0.9
0.2224219949447086,0.008615108075465424,MSE,batch,500,1e-05,10,10,False,"(2,)",tanh,relu,0.3,0,0,0.5
0.22327867719660613,0.009043937176158591,MSE,batch,500,1e-05,10,10,False,"(2,)",tanh,relu,0.3,0,0.0001,0.5
0.22375193772406277,0.00981260592863718,MSE,batch,500,1e-05,10,10,False,"(2,)",tanh,relu,0.3,0.4,0.001,0.9
0.22412495976398975,0.010332516449897923,MSE,batch,500,1e-05,10,10,False,"(2,)",tanh,relu,0.3,0,0.001,0.5
0.22484582633795533,0.009081616556460888,MSE,batch,500,1e-05,10,10,False,"(2,)",tanh,relu,0.4,0.4,0.001,0.9
0.22508948476983015,0.009552417241838963,MSE,batch,500,1e-05,10,10,False,"(2,)",tanh,relu,0.8,0,0.001,0.9
0.22542962788554247,0.010731279917467999,MSE,batch,500,1e-05,10,10,False,"(2,)",tanh,relu,0.3,0,0,0.9
0.2266955119554713,0.010300438037690606,MSE,batch,500,1e-05,10,10,False,"(2,)",tanh,relu,0.3,0,0.0001,0.9
0.22816031360839162,0.012486717204207621,MSE,batch,500,1e-05,10,10,False,"(2,)",tanh,relu,0.4,0.5,0.001,0.9
0.2293638162772952,0.005943352252916224,MSE,batch,500,1e-05,10,10,False,"(2,)",tanh,relu,0.3,0.3,0.001,0.9
0.23090320876308632,0.013131968409533295,MSE,batch,500,1e-05,10,10,False,"(2,)",tanh,relu,0.4,0,0.001,0.5
0.23681495862972787,0.008758228001100345,MSE,batch,500,1e-05,10,10,False,"(2,)",tanh,relu,0.4,0,0.001,0.9
0.2369823788769431,0.006646219575859956,MSE,batch,500,1e-05,10,10,False,"(2,)",tanh,relu,0.3,0,0.001,0.9
